"attachments/0/style_list/0","attachments/0/style_list/1","attachments/0/style_list/2","attachments/0/style_list/3","attachments/0/style_list/4","date","facebookId","facebookUrl","feedbackId","id","likesCount","postFacebookId","postPageFacebookId","profileId","profileName","profilePicture","profileUrl","text"
,,,,,"2022-11-04T14:22:48.000Z","10159224224022934","https://m.facebook.com/story.php?story_fbid=pfbid0Ba1KP2dbnFe6ggYpWejb3JzWt97RZumvEgUgZiJ1gyzspZVLu76Neo5YAC9gNUJbl&id=93889432933&sfnsn=mo&mibextid=6aamW6","ZmVlZGJhY2s6MTAxNTkyMjQyMjQwMjI5MzRfMTExMDc1NzQ1NjQ2NjQ2OQ==","Y29tbWVudDoxMDE1OTIyNDIyNDAyMjkzNF8xMTEwNzU3NDU2NDY2NDY5","83","93889432933","93889432933","pfbid0Jitv6CWWVnr6q2CcjYNYDCzrbSPfBBRwM7Hr1pJ37rEVGsEwFLqioQ8TdJYeTwsrl","Brad P Bowyer","https://scontent-mia3-1.xx.fbcdn.net/v/t1.6435-1/185277417_10160875119220200_3487739011739537405_n.jpg?stp=cp0_dst-jpg_p32x32&_nc_cat=111&ccb=1-7&_nc_sid=7206a8&_nc_ohc=bXmi-6DFu8UAX-zkYtp&_nc_ht=scontent-mia3-1.xx&oh=00_AfBmtQ0UmYyvoU4TcB_HHuKpM3XArkisszA4meRtj_FZ0A&oe=643E33B6","https://www.facebook.com/bbowyer","The world is starting to recognize both the uselessness... But worse the danger and injury being caused...  and yet here they push them still?... Criminal culpability and collapsing deniability grows daily for those pushing these deadly shots... Justice will come!"
,,,,,"2022-11-04T10:00:29.000Z","10159224224022934","https://m.facebook.com/story.php?story_fbid=pfbid0Ba1KP2dbnFe6ggYpWejb3JzWt97RZumvEgUgZiJ1gyzspZVLu76Neo5YAC9gNUJbl&id=93889432933&sfnsn=mo&mibextid=6aamW6","ZmVlZGJhY2s6MTAxNTkyMjQyMjQwMjI5MzRfMTIxNDM1MzU3MjYyMDc5NA==","Y29tbWVudDoxMDE1OTIyNDIyNDAyMjkzNF8xMjE0MzUzNTcyNjIwNzk0","74","93889432933","93889432933","pfbid0NnnkwxjhmupBJeS73oucGGocTGWxZb35Wu9LhKkrFsmTuaWA6RxkGdba768GFAJHl","Ed Ching","https://scontent-mia3-1.xx.fbcdn.net/v/t39.30808-1/327789353_228223232960069_138938767119590608_n.jpg?stp=cp0_dst-jpg_p32x32&_nc_cat=111&ccb=1-7&_nc_sid=7206a8&_nc_ohc=fczzeL58PP8AX_FzVT0&_nc_ht=scontent-mia3-1.xx&oh=00_AfB3eSxxtN4qe93-t8pLhVybSRE_tbozU8bBdgiKhMxflw&oe=641BC8A3",,"Take at your own risk."
,,,,,"2022-11-04T12:34:00.000Z","10159224224022934","https://m.facebook.com/story.php?story_fbid=pfbid0Ba1KP2dbnFe6ggYpWejb3JzWt97RZumvEgUgZiJ1gyzspZVLu76Neo5YAC9gNUJbl&id=93889432933&sfnsn=mo&mibextid=6aamW6","ZmVlZGJhY2s6MTAxNTkyMjQyMjQwMjI5MzRfODY2MjcyMDcxMDQwMTY2","Y29tbWVudDoxMDE1OTIyNDIyNDAyMjkzNF84NjYyNzIwNzEwNDAxNjY=","7","93889432933","93889432933","pfbid02emYaXLsveV5o3CoySBzFJo94UXvPntUpJ2zZyoqAqHTjTy8DzMcKaxo51hsqQVMul","Magdalene Goh","https://scontent-mia3-1.xx.fbcdn.net/v/t39.30808-1/327966822_1377548122783027_9204886792781420020_n.jpg?stp=cp0_dst-jpg_p32x32&_nc_cat=100&ccb=1-7&_nc_sid=7206a8&_nc_ohc=TwRl7c_PiGQAX8OCvd4&_nc_ht=scontent-mia3-1.xx&oh=00_AfDQZxbgsLZYL8xbtRs1n1yGRSkCGoHFMar21Y4L0bzJ1Q&oe=641BCF90",,"Later, they will order everyone  as long working, must take or else stay at home even buy food :go supermaket  ;take public transportation also cannot."
,,,,,"2022-11-04T10:25:40.000Z","10159224224022934","https://m.facebook.com/story.php?story_fbid=pfbid0Ba1KP2dbnFe6ggYpWejb3JzWt97RZumvEgUgZiJ1gyzspZVLu76Neo5YAC9gNUJbl&id=93889432933&sfnsn=mo&mibextid=6aamW6","ZmVlZGJhY2s6MTAxNTkyMjQyMjQwMjI5MzRfNjkyMTQxNDU1NjMxNzk2","Y29tbWVudDoxMDE1OTIyNDIyNDAyMjkzNF82OTIxNDE0NTU2MzE3OTY=","15","93889432933","93889432933","pfbid02RHbq5UchMwUWk9kuteXZBw1DGP1hWffDY3e4yp8TgTcnZLsRyLBRFBFTVyMHWt6ul","Michael Chua","https://scontent-mia3-1.xx.fbcdn.net/v/t39.30808-1/325877225_580144787291062_1805379299096769135_n.jpg?stp=cp0_dst-jpg_p32x32&_nc_cat=106&ccb=1-7&_nc_sid=7206a8&_nc_ohc=k6UxFahj10wAX_bvdbd&_nc_ht=scontent-mia3-1.xx&oh=00_AfBZX0Y3LtViGa-i7Sn65htKn-NMGazpTFh6qxG3AzYTnA&oe=641BED66","https://www.facebook.com/michael.hwee.7","Does this mean booster shots are going to be a yearly thing? 🤔"
,,,,,"2022-11-04T10:16:57.000Z","10159224224022934","https://m.facebook.com/story.php?story_fbid=pfbid0Ba1KP2dbnFe6ggYpWejb3JzWt97RZumvEgUgZiJ1gyzspZVLu76Neo5YAC9gNUJbl&id=93889432933&sfnsn=mo&mibextid=6aamW6","ZmVlZGJhY2s6MTAxNTkyMjQyMjQwMjI5MzRfNTIxMTA3MDM2NjAzOTU1","Y29tbWVudDoxMDE1OTIyNDIyNDAyMjkzNF81MjExMDcwMzY2MDM5NTU=","49","93889432933","93889432933","pfbid02SyEbJfMDKgkK9yveG3JceGMxnboNWURdsoueDQ34VavthVZqewPW7xwDyiUCPEgxl","Luke Thurai","https://scontent-mia3-1.xx.fbcdn.net/v/t39.30808-1/327453721_739688691109196_1143968374199642668_n.jpg?stp=cp1_dst-jpg_p32x32&_nc_cat=104&ccb=1-7&_nc_sid=7206a8&_nc_ohc=nuT0wXeI9xQAX_COILG&_nc_ht=scontent-mia3-1.xx&oh=00_AfBRDlcwZJZcNkB1MMlF7WT1bu8ARNIlJCGKLt6pjjKLEQ&oe=641C1FF6",,"I am ambivalent about this idea 🤔"
,,,,,"2022-11-04T16:26:24.000Z","10159224224022934","https://m.facebook.com/story.php?story_fbid=pfbid0Ba1KP2dbnFe6ggYpWejb3JzWt97RZumvEgUgZiJ1gyzspZVLu76Neo5YAC9gNUJbl&id=93889432933&sfnsn=mo&mibextid=6aamW6","ZmVlZGJhY2s6MTAxNTkyMjQyMjQwMjI5MzRfNTQ4MDEwNTgxODcwOTY3OQ==","Y29tbWVudDoxMDE1OTIyNDIyNDAyMjkzNF81NDgwMTA1ODE4NzA5Njc5","0","93889432933","93889432933","pfbid0r1Ckd7vPVxKo8DhTijW5JgkRB6N2dLctKAwgvV8KczLcorKeaKg2TmTpQPJifo9Bl","Joan Tam","https://scontent-mia3-2.xx.fbcdn.net/v/t39.30808-1/314726200_657515829298845_4913282343892013360_n.jpg?stp=cp0_dst-jpg_p32x32&_nc_cat=107&ccb=1-7&_nc_sid=7206a8&_nc_ohc=7FL7SGAbwzsAX9Ji-R7&_nc_ht=scontent-mia3-2.xx&oh=00_AfBxXjrXlMjUMsVSyP4L_IUaJDTLRG2wluDq_oLHyYr5CA&oe=641B641A","https://www.facebook.com/joantam.tam.7","Yanyee Yip"
,,,,,"2022-11-05T08:46:49.000Z","10159224224022934","https://m.facebook.com/story.php?story_fbid=pfbid0Ba1KP2dbnFe6ggYpWejb3JzWt97RZumvEgUgZiJ1gyzspZVLu76Neo5YAC9gNUJbl&id=93889432933&sfnsn=mo&mibextid=6aamW6","ZmVlZGJhY2s6MTAxNTkyMjQyMjQwMjI5MzRfMzI0MTU0ODYyMjgyNTcyNw==","Y29tbWVudDoxMDE1OTIyNDIyNDAyMjkzNF8zMjQxNTQ4NjIyODI1NzI3","0","93889432933","93889432933","pfbid02sdfmHCsH77J8t3cYT887WmRgWSdLjTNHCttpKkHJvgiMioeXiebMVPULmTv8AYecl","Kara Ng","https://scontent-mia3-1.xx.fbcdn.net/v/t1.18169-1/11896145_10204671659098639_2006410087548532316_n.jpg?stp=cp0_dst-jpg_p32x32&_nc_cat=104&ccb=1-7&_nc_sid=7206a8&_nc_ohc=jCJfZkxIjz8AX-dboTB&_nc_ht=scontent-mia3-1.xx&oh=00_AfBO6jcFFpBcLsOXgE4F3RlDYZLSCwGAO2GeZ_lAM_UU6A&oe=643E4F1B",,"Since I have got xovid and had to the the vacinnes my memory has suffered greatly"
,,,,,"2022-11-04T11:22:59.000Z","10159224224022934","https://m.facebook.com/story.php?story_fbid=pfbid0Ba1KP2dbnFe6ggYpWejb3JzWt97RZumvEgUgZiJ1gyzspZVLu76Neo5YAC9gNUJbl&id=93889432933&sfnsn=mo&mibextid=6aamW6","ZmVlZGJhY2s6MTAxNTkyMjQyMjQwMjI5MzRfMTE5NzU3MjkzNzY0MDU3MQ==","Y29tbWVudDoxMDE1OTIyNDIyNDAyMjkzNF8xMTk3NTcyOTM3NjQwNTcx","33","93889432933","93889432933","pfbid0tR6pZW6auMU4PwiXcTaQDtxYW4r93x6AW3Q12NTKJSLqcf4UNoJXvYM87tRsKqCwl","Janet Lee","https://scontent-mia3-2.xx.fbcdn.net/v/t39.30808-1/336996077_216851621003440_945832767462590334_n.jpg?stp=cp1_dst-jpg_p32x32&_nc_cat=103&ccb=1-7&_nc_sid=7206a8&_nc_ohc=0c8gRp3FoBsAX9-sFeY&_nc_ht=scontent-mia3-2.xx&oh=00_AfCiyvvWBAMBMBce6w6aDq8ZiMWBiZ-mRzGXwXNcgK8ExQ&oe=641AD43E","https://www.facebook.com/people/Janet-Lee/pfbid0tR6pZW6auMU4PwiXcTaQDtxYW4r93x6AW3Q12NTKJSLqcf4UNoJXvYM87tRsKqCwl/","My 3rd jab or booster was taken in January this year. With each jab, the side effects increased. I took Pfizer. I’m afraid of jabs now."
,,,,,"2022-11-05T06:24:34.000Z","10159224224022934","https://m.facebook.com/story.php?story_fbid=pfbid0Ba1KP2dbnFe6ggYpWejb3JzWt97RZumvEgUgZiJ1gyzspZVLu76Neo5YAC9gNUJbl&id=93889432933&sfnsn=mo&mibextid=6aamW6","ZmVlZGJhY2s6MTAxNTkyMjQyMjQwMjI5MzRfODM1MjMwODA0NTYzMzIx","Y29tbWVudDoxMDE1OTIyNDIyNDAyMjkzNF84MzUyMzA4MDQ1NjMzMjE=","0","93889432933","93889432933","pfbid0QKgnYw6FTx4Svv5VJbsddVrFZjCjRcx3usUhdVhUYcNgDq6LBG6jtrtMy6QhYYMgl","Daniel Marcotte","https://scontent-mia3-1.xx.fbcdn.net/v/t1.6435-1/174247512_3926510560768773_565995643429214747_n.jpg?stp=cp0_dst-jpg_p32x32&_nc_cat=100&ccb=1-7&_nc_sid=7206a8&_nc_ohc=Cv4WTWtTBngAX9tqxm9&_nc_ht=scontent-mia3-1.xx&oh=00_AfBor-4BmZYpzviVT42dvlnQAAvq9RuJHU31magiYDozmg&oe=643E45CA",,"I’ll take it, I just had covid, so I guess I need to wait?"
,,,,,"2022-11-04T22:51:13.000Z","10159224224022934","https://m.facebook.com/story.php?story_fbid=pfbid0Ba1KP2dbnFe6ggYpWejb3JzWt97RZumvEgUgZiJ1gyzspZVLu76Neo5YAC9gNUJbl&id=93889432933&sfnsn=mo&mibextid=6aamW6","ZmVlZGJhY2s6MTAxNTkyMjQyMjQwMjI5MzRfNjg1NzA2NTAzMTY3MjA1","Y29tbWVudDoxMDE1OTIyNDIyNDAyMjkzNF82ODU3MDY1MDMxNjcyMDU=","0","93889432933","93889432933","pfbid08JCXW2YQ7WYUjCWb2GmTvd3Vrfb9CYuKcXoRmncmoappBKXxBWeyXWRJmRsTNv5Wl","Neo Patrick Tk","https://scontent-mia3-1.xx.fbcdn.net/v/t39.30808-1/260717562_4519148878180905_2892738184710943937_n.jpg?stp=cp0_dst-jpg_p32x32&_nc_cat=111&ccb=1-7&_nc_sid=7206a8&_nc_ohc=wH45RAVRQfIAX-cJV52&_nc_ht=scontent-mia3-1.xx&oh=00_AfDKpICmgRTptLn7A2nW0VXNFp7diAF64othfR7TZHQ_Ew&oe=641B913F","https://www.facebook.com/neo.patricktk","Believe in them or believe in GOD, money taken life is forsaken."
,,,,,"2022-11-04T20:19:45.000Z","10159224224022934","https://m.facebook.com/story.php?story_fbid=pfbid0Ba1KP2dbnFe6ggYpWejb3JzWt97RZumvEgUgZiJ1gyzspZVLu76Neo5YAC9gNUJbl&id=93889432933&sfnsn=mo&mibextid=6aamW6","ZmVlZGJhY2s6MTAxNTkyMjQyMjQwMjI5MzRfMTE0MjAzMzQwOTc2NzE4NA==","Y29tbWVudDoxMDE1OTIyNDIyNDAyMjkzNF8xMTQyMDMzNDA5NzY3MTg0","2","93889432933","93889432933","pfbid0u9UWXNaEwwLMJ6C9V53X1sucwSVzSh5r53EH7mwq8aJqoCF3c2yhvoLvRyUekEukl","Han Han","https://scontent-mia3-2.xx.fbcdn.net/v/t1.6435-1/83620699_2562742500652762_9075840713396060160_n.jpg?stp=cp0_dst-jpg_p32x32&_nc_cat=103&ccb=1-7&_nc_sid=7206a8&_nc_ohc=ALxkEvQ29lUAX8grFC3&_nc_ht=scontent-mia3-2.xx&oh=00_AfCR7eGnLhNcWoPcQlrPDbViRoZVs6gVgzZbl0-BU5coSA&oe=643E4705",,"These are approved under emergency authorisation. Should there be more thoughts of it since it’s endemic ?"
,,,,,"2022-11-07T00:51:28.000Z","10159224224022934","https://m.facebook.com/story.php?story_fbid=pfbid0Ba1KP2dbnFe6ggYpWejb3JzWt97RZumvEgUgZiJ1gyzspZVLu76Neo5YAC9gNUJbl&id=93889432933&sfnsn=mo&mibextid=6aamW6","ZmVlZGJhY2s6MTAxNTkyMjQyMjQwMjI5MzRfNjMxNjQyMDg4Njk2OTcw","Y29tbWVudDoxMDE1OTIyNDIyNDAyMjkzNF82MzE2NDIwODg2OTY5NzA=","0","93889432933","93889432933","pfbid02LVLKh5YwsnMHpTNAvgUVf6x7F9wxBWTFzYh4T7zHiYRmP5qnEB2VGMuhQS4FST2rl","Gillian Goh","https://scontent-mia3-2.xx.fbcdn.net/v/t39.30808-1/183530332_104310605283724_9140329639327077947_n.jpg?stp=c0.5.32.32a_cp0_dst-jpg_p32x32&_nc_cat=107&ccb=1-7&_nc_sid=7206a8&_nc_ohc=lpOc-D9cfI0AX8r4GgB&_nc_oc=AQnkf1ZeCU7L0Yzd-bQF2SKq7hhUNS-8iRcwlVjliOk_Vv_-DuY_BfScVdugFBLTCd4&_nc_ht=scontent-mia3-2.xx&oh=00_AfBmdpkq4RMcdZwIB99mcmIJ4Mjeg5RtP26_gVsAtKV_Xw&oe=641C4AF0",,"I donate mine to those zombies"
"share","fallback",,,,"2022-11-05T05:36:25.000Z","10159224224022934","https://m.facebook.com/story.php?story_fbid=pfbid0Ba1KP2dbnFe6ggYpWejb3JzWt97RZumvEgUgZiJ1gyzspZVLu76Neo5YAC9gNUJbl&id=93889432933&sfnsn=mo&mibextid=6aamW6","ZmVlZGJhY2s6MTAxNTkyMjQyMjQwMjI5MzRfNDkwMDAzMzYzMDgwNDUy","Y29tbWVudDoxMDE1OTIyNDIyNDAyMjkzNF80OTAwMDMzNjMwODA0NTI=","0","93889432933","93889432933","pfbid09WCiShgqMpnsFCCw57yY9NMzEWUrYCZSar5P7Ya9wmoYscL8BDHYC9syp2v1GCx6l","Mike Tan","https://scontent-mia3-1.xx.fbcdn.net/v/t1.6435-1/96252208_10216452302595960_2025414960846209024_n.jpg?stp=cp0_dst-jpg_p32x32&_nc_cat=108&ccb=1-7&_nc_sid=7206a8&_nc_ohc=ldS3cTE53QIAX9Ypa1c&_nc_ht=scontent-mia3-1.xx&oh=00_AfDdt5m7gBMyFkF6i3pNHIgMSvQoWnpDXrGIGMStP3wdpQ&oe=643E25BA",,"https://www.voiceforscienceandsolidarity.org/scientific-blog/vss-scientific-updates-during-pandemic-times-44"
,,,,,"2022-11-04T16:48:46.000Z","10159224224022934","https://m.facebook.com/story.php?story_fbid=pfbid0Ba1KP2dbnFe6ggYpWejb3JzWt97RZumvEgUgZiJ1gyzspZVLu76Neo5YAC9gNUJbl&id=93889432933&sfnsn=mo&mibextid=6aamW6","ZmVlZGJhY2s6MTAxNTkyMjQyMjQwMjI5MzRfNzk3MjAyMDU0NjkzOTY3","Y29tbWVudDoxMDE1OTIyNDIyNDAyMjkzNF83OTcyMDIwNTQ2OTM5Njc=","2","93889432933","93889432933","pfbid0XejSRiX6gSVnkbvY674BzSim87LmYMJp5X5bonmDebRYrUfW67wi12tuBN9emMTwl","Rachael Ching","https://scontent-mia3-2.xx.fbcdn.net/v/t1.6435-1/43059909_2122081691440112_8778782435694346240_n.jpg?stp=cp0_dst-jpg_p32x32&_nc_cat=109&ccb=1-7&_nc_sid=7206a8&_nc_ohc=e3GToT7MvsMAX8NEJvY&_nc_ht=scontent-mia3-2.xx&oh=00_AfAq2bj_UdIZ0a0UD4c2DGm4SCQ-wXsgtLKWb9ZS-2BsEQ&oe=643E3DD7","https://www.facebook.com/people/Rachael-Ching/pfbid0XejSRiX6gSVnkbvY674BzSim87LmYMJp5X5bonmDebRYrUfW67wi12tuBN9emMTwl/","Vaccines one after another.. Faint !! No comment !!"
,,,,,"2022-11-04T12:57:31.000Z","10159224224022934","https://m.facebook.com/story.php?story_fbid=pfbid0Ba1KP2dbnFe6ggYpWejb3JzWt97RZumvEgUgZiJ1gyzspZVLu76Neo5YAC9gNUJbl&id=93889432933&sfnsn=mo&mibextid=6aamW6","ZmVlZGJhY2s6MTAxNTkyMjQyMjQwMjI5MzRfMTMwOTk0MzQ5NjQ4NDE2Mw==","Y29tbWVudDoxMDE1OTIyNDIyNDAyMjkzNF8xMzA5OTQzNDk2NDg0MTYz","1","93889432933","93889432933","pfbid0sh4BciATKZtNYpF3NmwaBSURMCig3xzcJ2E61aKW1vtmL7rz6BMZ7Cr3FS2Ykbjal","Joanna Tomodachi Lee","https://scontent-mia3-1.xx.fbcdn.net/v/t39.30808-1/323328880_1580136659092114_1575769551002892389_n.jpg?stp=cp0_dst-jpg_p32x32&_nc_cat=101&ccb=1-7&_nc_sid=7206a8&_nc_ohc=rpk0mOAAB5gAX9Jln6U&_nc_ht=scontent-mia3-1.xx&oh=00_AfD-nYZBw4eJmgBAfDEvnCX4HMRb3az5uhYGQ4FGx40ayw&oe=641AF090",,"Evil 👿 Stay away Satanic cult!!!"
,,,,,"2022-11-04T11:43:14.000Z","10159224224022934","https://m.facebook.com/story.php?story_fbid=pfbid0Ba1KP2dbnFe6ggYpWejb3JzWt97RZumvEgUgZiJ1gyzspZVLu76Neo5YAC9gNUJbl&id=93889432933&sfnsn=mo&mibextid=6aamW6","ZmVlZGJhY2s6MTAxNTkyMjQyMjQwMjI5MzRfMTQ1NTg4MjUxNDkzMjU0Ng==","Y29tbWVudDoxMDE1OTIyNDIyNDAyMjkzNF8xNDU1ODgyNTE0OTMyNTQ2","4","93889432933","93889432933","pfbid02KrkNTBiSsa85WhxbXURbCZP5oUHNYtWtSRhMcXnoqDj2jYPzofxwuxRAkbzXA4oZl","Robert Selvam","https://scontent-mia3-2.xx.fbcdn.net/v/t39.30808-1/336192877_3359143297641936_6423940117767391925_n.jpg?stp=cp0_dst-jpg_p32x32&_nc_cat=103&ccb=1-7&_nc_sid=7206a8&_nc_ohc=fICQneen02wAX-3IvvK&_nc_ht=scontent-mia3-2.xx&oh=00_AfDGWRrxI0vPM3JSr07K5LllcFxND4TKF25PCz4T55Zidg&oe=641BB38C",,"""offered"" now
After VDS reintroduction and job threats, ""coerced"""
,,,,,"2022-11-04T14:00:45.000Z","10159224224022934","https://m.facebook.com/story.php?story_fbid=pfbid0Ba1KP2dbnFe6ggYpWejb3JzWt97RZumvEgUgZiJ1gyzspZVLu76Neo5YAC9gNUJbl&id=93889432933&sfnsn=mo&mibextid=6aamW6","ZmVlZGJhY2s6MTAxNTkyMjQyMjQwMjI5MzRfMTQxMTA1MTM5MzAxMjY1Mw==","Y29tbWVudDoxMDE1OTIyNDIyNDAyMjkzNF8xNDExMDUxMzkzMDEyNjUz","1","93889432933","93889432933","pfbid0Ck3YJXUHzgemBkr9wMN2hbCjixFk5cDXtoTUchzA6rN2sY3gHguqzAWT2XrVtvuWl","Jimmy Beany","https://scontent-mia3-1.xx.fbcdn.net/v/t39.30808-1/240602473_100511722378029_9095357259549136794_n.jpg?stp=c13.0.32.32a_cp0_dst-jpg_p32x32&_nc_cat=111&ccb=1-7&_nc_sid=7206a8&_nc_ohc=RCl_V5gdlsQAX_JZHlk&_nc_ht=scontent-mia3-1.xx&oh=00_AfA-VOiAJXQL5lcno2bZM8MPQ_mANrj5R7-dowPk0tgj2w&oe=641C9A17",,"No VDS, no booster required for travel. No thank you. PAP should jab themselves some more to make sure no more wastage like the 10% (MOH too scared to report) money they wasted from taxpayers."
"sticker","fallback",,,,"2022-11-04T23:44:44.000Z","10159224224022934","https://m.facebook.com/story.php?story_fbid=pfbid0Ba1KP2dbnFe6ggYpWejb3JzWt97RZumvEgUgZiJ1gyzspZVLu76Neo5YAC9gNUJbl&id=93889432933&sfnsn=mo&mibextid=6aamW6","ZmVlZGJhY2s6MTAxNTkyMjQyMjQwMjI5MzRfNTY0NTY4NTAyMzQwODc1","Y29tbWVudDoxMDE1OTIyNDIyNDAyMjkzNF81NjQ1Njg1MDIzNDA4NzU=","0","93889432933","93889432933","pfbid04gWs5fp1oedGFfwxbuWs61Dt5VF4BQC46uHZjP9JxvBFiFPPtNfNua6ikrapKfbel","Emi Zak","https://scontent-mia3-2.xx.fbcdn.net/v/t39.30808-1/321054226_677527437442076_7877057214386323971_n.jpg?stp=cp0_dst-jpg_p32x32&_nc_cat=110&ccb=1-7&_nc_sid=7206a8&_nc_ohc=mJXl04xU9V8AX8biLGT&_nc_ht=scontent-mia3-2.xx&oh=00_AfD_Z1H-cLD4O3mnZv1CGwrbvcC6RxeJXwqesj5O2yui6g&oe=641C6B75","https://www.facebook.com/suhaimi.zakaria.927","I am surprised to know that there are equivalence of Marjorie Taylor Greene or Donald J Trump, Tucker Carlson brains here, in this little island"
"share","fallback",,,,"2022-11-06T17:24:47.000Z","10159224224022934","https://m.facebook.com/story.php?story_fbid=pfbid0Ba1KP2dbnFe6ggYpWejb3JzWt97RZumvEgUgZiJ1gyzspZVLu76Neo5YAC9gNUJbl&id=93889432933&sfnsn=mo&mibextid=6aamW6","ZmVlZGJhY2s6MTAxNTkyMjQyMjQwMjI5MzRfNDgwMTU5MTg3MjY0Mzcx","Y29tbWVudDoxMDE1OTIyNDIyNDAyMjkzNF80ODAxNTkxODcyNjQzNzE=","0","93889432933","93889432933","pfbid02egrD4dRcjBi5UXt23BrYRsv6XSZxEAg2TbH12LpENjMPsvMcz6k8eLWXKeLdoqhWl","Mansore Mansore","https://scontent-mia3-2.xx.fbcdn.net/v/t1.30497-1/143086968_2856368904622192_1959732218791162458_n.png?stp=cp0_dst-png_p32x32&_nc_cat=1&ccb=1-7&_nc_sid=7206a8&_nc_ohc=x3PhOYWAf78AX-oXOs7&_nc_ht=scontent-mia3-2.xx&oh=00_AfAngLSQvbb_b-LLSnu4NkMXlIk0gMm4KO8D5Jc216MLtg&oe=643E3EF8","https://www.facebook.com/obaid.barek","Here's the proof of vaccine should not be taken 

https://youtube.com/shorts/tsmcJYSfIS0?feature=share"
,,,,,"2022-11-04T11:27:16.000Z","10159224224022934","https://m.facebook.com/story.php?story_fbid=pfbid0Ba1KP2dbnFe6ggYpWejb3JzWt97RZumvEgUgZiJ1gyzspZVLu76Neo5YAC9gNUJbl&id=93889432933&sfnsn=mo&mibextid=6aamW6","ZmVlZGJhY2s6MTAxNTkyMjQyMjQwMjI5MzRfODA5MTAxODUwMzgxNzcy","Y29tbWVudDoxMDE1OTIyNDIyNDAyMjkzNF84MDkxMDE4NTAzODE3NzI=","3","93889432933","93889432933","pfbid0uEHDNHnKoCdWTxm9bAP7sFawD6AW2Jb6WxYrfBZuD8vRBrhAW5GNoWM6fmHyjn7Vl","Paul Lam Par","https://scontent-mia3-2.xx.fbcdn.net/v/t1.6435-1/93173480_2576129352630528_2458233757455351808_n.jpg?stp=cp0_dst-jpg_p32x32&_nc_cat=110&ccb=1-7&_nc_sid=7206a8&_nc_ohc=yvI-B3jOtKYAX-Y_Ol3&_nc_ht=scontent-mia3-2.xx&oh=00_AfBq4tQtoQwi3cS43w0h_GHxkHkR8s1YvrTVnKjAkhzm0Q&oe=643E2B96",,"New citizens should be compulsory to take"
,,,,,"2022-11-04T15:40:58.000Z","10159224224022934","https://m.facebook.com/story.php?story_fbid=pfbid0Ba1KP2dbnFe6ggYpWejb3JzWt97RZumvEgUgZiJ1gyzspZVLu76Neo5YAC9gNUJbl&id=93889432933&sfnsn=mo&mibextid=6aamW6","ZmVlZGJhY2s6MTAxNTkyMjQyMjQwMjI5MzRfMTEyMDgxNTUzNTQ5Mjc0Nw==","Y29tbWVudDoxMDE1OTIyNDIyNDAyMjkzNF8xMTIwODE1NTM1NDkyNzQ3","2","93889432933","93889432933","pfbid0Renip1w8tuwtbQMSAY5qmv7mj3XDxrqy1g23JKiiBcpxg7wc5KHg3Maax6kUxePzl","John Wong","https://scontent-mia3-1.xx.fbcdn.net/v/t39.30808-1/240332244_100320099053378_3660893437377592322_n.jpg?stp=c13.0.32.32a_cp0_dst-jpg_p32x32&_nc_cat=101&ccb=1-7&_nc_sid=7206a8&_nc_ohc=27Xd_fDeem8AX-Y-SlU&_nc_ht=scontent-mia3-1.xx&oh=00_AfCLw4huerZyzJQma0zME-Hvgy3-_0elFlmtonjXxMZExQ&oe=641AC56F","https://www.facebook.com/people/John-Wong/pfbid0Renip1w8tuwtbQMSAY5qmv7mj3XDxrqy1g23JKiiBcpxg7wc5KHg3Maax6kUxePzl/","State sponsored addiction"
,,,,,"2022-11-04T14:52:19.000Z","10159224224022934","https://m.facebook.com/story.php?story_fbid=pfbid0Ba1KP2dbnFe6ggYpWejb3JzWt97RZumvEgUgZiJ1gyzspZVLu76Neo5YAC9gNUJbl&id=93889432933&sfnsn=mo&mibextid=6aamW6","ZmVlZGJhY2s6MTAxNTkyMjQyMjQwMjI5MzRfNjc4NjMwNzYwNjMxODMz","Y29tbWVudDoxMDE1OTIyNDIyNDAyMjkzNF82Nzg2MzA3NjA2MzE4MzM=","0","93889432933","93889432933","pfbid0JP8RoWuJTnD3q6wwEMaZ3YE3byW4m6kCJFWphfLLG8YDHCazpk9F4pUM9qNxKdixl","Abu Rabi","https://scontent-mia3-1.xx.fbcdn.net/v/t39.30808-1/335342076_1300249450700618_1446791667335281900_n.jpg?stp=cp0_dst-jpg_p32x32&_nc_cat=111&ccb=1-7&_nc_sid=7206a8&_nc_ohc=6ZiSitH9H8MAX-tBgA8&_nc_oc=AQnASnqaQkhxNZpRwhpztnhw1kJCi2uSMtlwHfrlJ4yFcdpf5PxJVJB2EeTX0C_c_Gk&_nc_ht=scontent-mia3-1.xx&oh=00_AfD7sL_ZyqDPcteMpgjezSeVNc7d-Jt1m7fpD4Oo4Xu3Yg&oe=641C580C",,"I m ready👍"
,,,,,"2022-11-04T13:57:02.000Z","10159224224022934","https://m.facebook.com/story.php?story_fbid=pfbid0Ba1KP2dbnFe6ggYpWejb3JzWt97RZumvEgUgZiJ1gyzspZVLu76Neo5YAC9gNUJbl&id=93889432933&sfnsn=mo&mibextid=6aamW6","ZmVlZGJhY2s6MTAxNTkyMjQyMjQwMjI5MzRfODQyMDIzMjAzNDkyMDMy","Y29tbWVudDoxMDE1OTIyNDIyNDAyMjkzNF84NDIwMjMyMDM0OTIwMzI=","12","93889432933","93889432933","pfbid02PQwHkb1qnwk4vgvUcXnbsvF7rbEEK4zzze9x82TzTxZVPmthUXvXmgynZ7qokTrNl","Lee LiLi","https://scontent-mia3-1.xx.fbcdn.net/v/t39.30808-1/298740482_5952033144815759_6856415428281626896_n.jpg?stp=cp0_dst-jpg_p32x32&_nc_cat=100&ccb=1-7&_nc_sid=7206a8&_nc_ohc=5qHRFdShTicAX8taELH&_nc_ht=scontent-mia3-1.xx&oh=00_AfBFidvVVNv8IKvzCogMwXbk0oL3dUc3qu-fqoMznxSdvA&oe=641BA807","https://www.facebook.com/lee.lili.397","Time to stop pushing people to take a ""vaccine"" that is not only ineffective but full of potential side-effects. Mind you it's only tested on 8 mice!"
,,,,,"2022-11-04T15:54:20.000Z","10159224224022934","https://m.facebook.com/story.php?story_fbid=pfbid0Ba1KP2dbnFe6ggYpWejb3JzWt97RZumvEgUgZiJ1gyzspZVLu76Neo5YAC9gNUJbl&id=93889432933&sfnsn=mo&mibextid=6aamW6","ZmVlZGJhY2s6MTAxNTkyMjQyMjQwMjI5MzRfNjg3MDI4MDc5MjkwNjgy","Y29tbWVudDoxMDE1OTIyNDIyNDAyMjkzNF82ODcwMjgwNzkyOTA2ODI=","0","93889432933","93889432933","pfbid0Renip1w8tuwtbQMSAY5qmv7mj3XDxrqy1g23JKiiBcpxg7wc5KHg3Maax6kUxePzl","John Wong","https://scontent-mia3-1.xx.fbcdn.net/v/t39.30808-1/240332244_100320099053378_3660893437377592322_n.jpg?stp=c13.0.32.32a_cp0_dst-jpg_p32x32&_nc_cat=101&ccb=1-7&_nc_sid=7206a8&_nc_ohc=27Xd_fDeem8AX-Y-SlU&_nc_ht=scontent-mia3-1.xx&oh=00_AfCLw4huerZyzJQma0zME-Hvgy3-_0elFlmtonjXxMZExQ&oe=641AC56F","https://www.facebook.com/people/John-Wong/pfbid0Renip1w8tuwtbQMSAY5qmv7mj3XDxrqy1g23JKiiBcpxg7wc5KHg3Maax6kUxePzl/","What is behind this sinister reason?"
,,,,,"2022-11-04T12:36:26.000Z","10159224224022934","https://m.facebook.com/story.php?story_fbid=pfbid0Ba1KP2dbnFe6ggYpWejb3JzWt97RZumvEgUgZiJ1gyzspZVLu76Neo5YAC9gNUJbl&id=93889432933&sfnsn=mo&mibextid=6aamW6","ZmVlZGJhY2s6MTAxNTkyMjQyMjQwMjI5MzRfMTM0MDAzMDI0MzQwMTEwMw==","Y29tbWVudDoxMDE1OTIyNDIyNDAyMjkzNF8xMzQwMDMwMjQzNDAxMTAz","1","93889432933","93889432933","pfbid0g4gaoEg8dxbA5NHv1MaJRw91vqrdqZLfL9xFXCQ8jr7Ysicja9dTcruarpPGq3qhl","Emma Texier","https://scontent-mia3-2.xx.fbcdn.net/v/t39.30808-1/212228189_3006352842933329_770261241057749332_n.jpg?stp=cp0_dst-jpg_p32x32&_nc_cat=110&ccb=1-7&_nc_sid=7206a8&_nc_ohc=S44L6UxyGEwAX8eUMEk&_nc_ht=scontent-mia3-2.xx&oh=00_AfA0r1EWV2Wdswe4c21MEIZr2OLzaSs9Qr2FvMaefQHtSA&oe=641ACC86",,"New Bivalent Covid Boosters Aren’t Better Than Old Ones, Study Finds. Results show the new shots perform similarly to past ones

https://www.bloomberg.com/news/articles/2022-10-25/new-boosters-from-moderna-and-pfizer-aren-t-better-than-old-ones-study-shows?fbclid=IwAR142B9h8mr3QsA84JzhwEreLTHTZCGI5fBX2GGvzM1CbWBENKulPK93omI&fs=e&s=cl"
,,,,,"2022-11-04T14:08:26.000Z","10159224224022934","https://m.facebook.com/story.php?story_fbid=pfbid0Ba1KP2dbnFe6ggYpWejb3JzWt97RZumvEgUgZiJ1gyzspZVLu76Neo5YAC9gNUJbl&id=93889432933&sfnsn=mo&mibextid=6aamW6","ZmVlZGJhY2s6MTAxNTkyMjQyMjQwMjI5MzRfNTU2NjM5MDE3MzQ1NzExNQ==","Y29tbWVudDoxMDE1OTIyNDIyNDAyMjkzNF81NTY2MzkwMTczNDU3MTE1","0","93889432933","93889432933","pfbid0SRg59K8WTP2i5LKFEzmo9pUTJMSTvqAdZEENw2doYkaMgZkW2fbAbxnpGrnQKpJel","Dahl Liah","https://scontent-mia3-2.xx.fbcdn.net/v/t39.30808-1/325889393_714184436890043_3624260480458948040_n.jpg?stp=cp0_dst-jpg_p32x32&_nc_cat=102&ccb=1-7&_nc_sid=7206a8&_nc_ohc=kFzeryT4b7gAX9Mu2Wq&_nc_ht=scontent-mia3-2.xx&oh=00_AfBtPCB-hmSL9-DrNSzCx-jSJKBDR5HICHUN94X-OcBsXA&oe=641AC1EE",,"NO WAY!"
"share","fallback",,,,"2022-11-07T09:44:14.000Z","10159224224022934","https://m.facebook.com/story.php?story_fbid=pfbid0Ba1KP2dbnFe6ggYpWejb3JzWt97RZumvEgUgZiJ1gyzspZVLu76Neo5YAC9gNUJbl&id=93889432933&sfnsn=mo&mibextid=6aamW6","ZmVlZGJhY2s6MTAxNTkyMjQyMjQwMjI5MzRfNDc4MDc3MjAwODEwNzMy","Y29tbWVudDoxMDE1OTIyNDIyNDAyMjkzNF80NzgwNzcyMDA4MTA3MzI=","0","93889432933","93889432933","pfbid0rfD3qeZxa9Kf62uqKZHrCfwAhCwibqCdL2UNh4QbzxfJmW2w1quBgT1VK6xw8dirl","YT Be","https://scontent-mia3-1.xx.fbcdn.net/v/t1.6435-1/46508218_10218186120063354_1086704804098473984_n.jpg?stp=cp0_dst-jpg_p32x32&_nc_cat=111&ccb=1-7&_nc_sid=7206a8&_nc_ohc=0TE4TzUyd9YAX-GiVMR&_nc_ht=scontent-mia3-1.xx&oh=00_AfDNWpQAsERc2lITnhxId_Yji34ZnQE_XhIYD6hFiHzv0Q&oe=643E2F6B",,"https://www.duke-nus.edu.sg/allnews/key-differences-in-immune-response-to-vaccines"
,,,,,"2022-11-04T15:33:43.000Z","10159224224022934","https://m.facebook.com/story.php?story_fbid=pfbid0Ba1KP2dbnFe6ggYpWejb3JzWt97RZumvEgUgZiJ1gyzspZVLu76Neo5YAC9gNUJbl&id=93889432933&sfnsn=mo&mibextid=6aamW6","ZmVlZGJhY2s6MTAxNTkyMjQyMjQwMjI5MzRfNjM5MTc3MDUxMjQyMTE1","Y29tbWVudDoxMDE1OTIyNDIyNDAyMjkzNF82MzkxNzcwNTEyNDIxMTU=","0","93889432933","93889432933","pfbid0Renip1w8tuwtbQMSAY5qmv7mj3XDxrqy1g23JKiiBcpxg7wc5KHg3Maax6kUxePzl","John Wong","https://scontent-mia3-1.xx.fbcdn.net/v/t39.30808-1/240332244_100320099053378_3660893437377592322_n.jpg?stp=c13.0.32.32a_cp0_dst-jpg_p32x32&_nc_cat=101&ccb=1-7&_nc_sid=7206a8&_nc_ohc=27Xd_fDeem8AX-Y-SlU&_nc_ht=scontent-mia3-1.xx&oh=00_AfCLw4huerZyzJQma0zME-Hvgy3-_0elFlmtonjXxMZExQ&oe=641AC56F","https://www.facebook.com/people/John-Wong/pfbid0Renip1w8tuwtbQMSAY5qmv7mj3XDxrqy1g23JKiiBcpxg7wc5KHg3Maax6kUxePzl/","'They' can conquer the entire nation with FEAR."
,,,,,"2022-11-04T13:55:03.000Z","10159224224022934","https://m.facebook.com/story.php?story_fbid=pfbid0Ba1KP2dbnFe6ggYpWejb3JzWt97RZumvEgUgZiJ1gyzspZVLu76Neo5YAC9gNUJbl&id=93889432933&sfnsn=mo&mibextid=6aamW6","ZmVlZGJhY2s6MTAxNTkyMjQyMjQwMjI5MzRfMTI4Njk0MjY5ODgwODM0Nw==","Y29tbWVudDoxMDE1OTIyNDIyNDAyMjkzNF8xMjg2OTQyNjk4ODA4MzQ3","0","93889432933","93889432933","pfbid0TpALqSjJppfVThXWKUkRd94TfUgaUnfKTZqjmZHpWTrWYvmw1s3nwV6Vr1eqFrPJl","Wu Yia Bo","https://scontent-mia3-2.xx.fbcdn.net/v/t39.30808-1/314731219_131511776360649_7716306208452760949_n.jpg?stp=cp0_dst-jpg_p32x32&_nc_cat=103&ccb=1-7&_nc_sid=7206a8&_nc_ohc=knrjvjeYFWMAX98tmT5&_nc_ht=scontent-mia3-2.xx&oh=00_AfAug6qYw564AYF3QNuj9k9nCejZNfCrSM6bSbBIPXoiGA&oe=641C24B5",,"Mai lah mai lah wa mai...😅"
,,,,,"2022-11-04T12:16:47.000Z","10159224224022934","https://m.facebook.com/story.php?story_fbid=pfbid0Ba1KP2dbnFe6ggYpWejb3JzWt97RZumvEgUgZiJ1gyzspZVLu76Neo5YAC9gNUJbl&id=93889432933&sfnsn=mo&mibextid=6aamW6","ZmVlZGJhY2s6MTAxNTkyMjQyMjQwMjI5MzRfNjYwMjk0NDkyMTQ1NDAx","Y29tbWVudDoxMDE1OTIyNDIyNDAyMjkzNF82NjAyOTQ0OTIxNDU0MDE=","1","93889432933","93889432933","pfbid02HCDUMB8FPQ3shRUQoL8AByv4mTU5zGTU26stofieNLnJGkPNotVAkTJ7r3RgcDdpl","Zana Hassan","https://scontent-mia3-2.xx.fbcdn.net/v/t1.18169-1/230081_220428461319486_6860381_n.jpg?stp=c3.0.32.32a_cp0_dst-jpg_p32x32&_nc_cat=102&ccb=1-7&_nc_sid=7206a8&_nc_ohc=HV2bf7E3neYAX85Optv&_nc_ht=scontent-mia3-2.xx&oh=00_AfDBcAfeaYiWJdert25D58gTPGl_ArdNFJZDlhPPQwGf6w&oe=643E46F0",,"Taking booster for wut ah..we still wearing mask to protect our body.n dont wear mask u are own yhe rusk like kena no kena..birus"
,,,,,"2022-11-05T15:33:18.000Z","10159224224022934","https://m.facebook.com/story.php?story_fbid=pfbid0Ba1KP2dbnFe6ggYpWejb3JzWt97RZumvEgUgZiJ1gyzspZVLu76Neo5YAC9gNUJbl&id=93889432933&sfnsn=mo&mibextid=6aamW6","ZmVlZGJhY2s6MTAxNTkyMjQyMjQwMjI5MzRfMTQ4NzAzNjQ4ODQ0NzEyOQ==","Y29tbWVudDoxMDE1OTIyNDIyNDAyMjkzNF8xNDg3MDM2NDg4NDQ3MTI5","0","93889432933","93889432933","pfbid02SVpiDnunJST2KQZbWuLbsYp2aRp3cmgpB3938bz93U1bkJkNHKWXcztVN5PU261al","Lesley Mc Laughlin","https://scontent-mia3-1.xx.fbcdn.net/v/t39.30808-1/265393671_1349060765547948_1584031827799721490_n.jpg?stp=cp0_dst-jpg_p32x32&_nc_cat=111&ccb=1-7&_nc_sid=7206a8&_nc_ohc=_SDg9gJXv1cAX-Tau5h&_nc_ht=scontent-mia3-1.xx&oh=00_AfAoUKevvTCkBZqhgyJ0k3YCxNE_6DxzUOBzzmVO8AGQKw&oe=641AF6F1","https://www.facebook.com/lesley.mclaughlin.94","So meny  people  are been  told they have  long covid after  them  go on VACCINE injury  sudden death  and see what you are not been told sad"
"share","fallback",,,,"2023-01-31T13:41:51.000Z","10159224224022934","https://m.facebook.com/story.php?story_fbid=pfbid0Ba1KP2dbnFe6ggYpWejb3JzWt97RZumvEgUgZiJ1gyzspZVLu76Neo5YAC9gNUJbl&id=93889432933&sfnsn=mo&mibextid=6aamW6","ZmVlZGJhY2s6MTAxNTkyMjQyMjQwMjI5MzRfMTIyNjkyODU0MTI0MDI5NQ==","Y29tbWVudDoxMDE1OTIyNDIyNDAyMjkzNF8xMjI2OTI4NTQxMjQwMjk1","0","93889432933","93889432933","pfbid0jaaWVcmMuEyt2b9vUPL3vLu9cpkx9DqY7dQHjfwDmMZ7uxrUEAhaACQEAc6xHjTFl","Wi Volio","https://scontent-mia3-2.xx.fbcdn.net/v/t1.18169-1/19756645_103708770280381_3681141528401048120_n.jpg?stp=cp0_dst-jpg_p32x32&_nc_cat=102&ccb=1-7&_nc_sid=7206a8&_nc_ohc=ohkw5A3wUXIAX-Z_b55&_nc_ht=scontent-mia3-2.xx&oh=00_AfBhrYoVLWfwF4oO0__iARjR9F4iE8Yy3oqg7HrCTTxGbw&oe=643E4A2E","https://www.facebook.com/WiVolio","https://vt.tiktok.com/ZS8UHct58/"
,,,,,"2023-01-15T06:23:16.000Z","10159224224022934","https://m.facebook.com/story.php?story_fbid=pfbid0Ba1KP2dbnFe6ggYpWejb3JzWt97RZumvEgUgZiJ1gyzspZVLu76Neo5YAC9gNUJbl&id=93889432933&sfnsn=mo&mibextid=6aamW6","ZmVlZGJhY2s6MTAxNTkyMjQyMjQwMjI5MzRfMTM5OTI3NDU1MDg5NjA1Mw==","Y29tbWVudDoxMDE1OTIyNDIyNDAyMjkzNF8xMzk5Mjc0NTUwODk2MDUz","19","93889432933","93889432933","pfbid02wjXbbP3KFqkzB1rWkM2ZH4W4D64CdKXbYfuhsgBRyEtyYARXsF5Ko84zcFUmW5Tyl","Ye Ad","https://scontent-mia3-2.xx.fbcdn.net/v/t39.30808-1/336651895_901753024447895_3133536200031874050_n.jpg?stp=cp0_dst-jpg_p32x32&_nc_cat=110&ccb=1-7&_nc_sid=7206a8&_nc_ohc=NafMnnt5CYcAX_lH_u5&_nc_ht=scontent-mia3-2.xx&oh=00_AfDK8nQteukqD_YXm5tZlowbHZ0sZB1B0m8JSkBVwrwOwg&oe=641AC072",,"Ladies and gents,
You are witnessing the longest denial ever.
This carpet is very big for so much dirt to be swept under it."
,,,,,"2022-11-05T10:12:05.000Z","10159224224022934","https://m.facebook.com/story.php?story_fbid=pfbid0Ba1KP2dbnFe6ggYpWejb3JzWt97RZumvEgUgZiJ1gyzspZVLu76Neo5YAC9gNUJbl&id=93889432933&sfnsn=mo&mibextid=6aamW6","ZmVlZGJhY2s6MTAxNTkyMjQyMjQwMjI5MzRfOTE2NzE1NjQyNjM4NjUz","Y29tbWVudDoxMDE1OTIyNDIyNDAyMjkzNF85MTY3MTU2NDI2Mzg2NTM=","0","93889432933","93889432933","pfbid02mgtjmPAnFD1F3XY3yBCv8p5nKDGHbndakmTKHFH6QrC9oEQ7p8oDVqGjDv8ZwSc3l","Nur Adlina","https://scontent-mia3-1.xx.fbcdn.net/v/t39.30808-1/324023091_574512320728660_3572863130461620342_n.jpg?stp=cp0_dst-jpg_p32x32&_nc_cat=111&ccb=1-7&_nc_sid=7206a8&_nc_ohc=p8NEH3M74gkAX-l6dx0&_nc_ht=scontent-mia3-1.xx&oh=00_AfCBtTBn_Ad0r12p-lzBuubpxFcP3xZrE2I1Ize2h1WgsQ&oe=641B72B1","https://www.facebook.com/adlinadetactical","NOPE."
,,,,,"2022-11-04T13:20:31.000Z","10159224224022934","https://m.facebook.com/story.php?story_fbid=pfbid0Ba1KP2dbnFe6ggYpWejb3JzWt97RZumvEgUgZiJ1gyzspZVLu76Neo5YAC9gNUJbl&id=93889432933&sfnsn=mo&mibextid=6aamW6","ZmVlZGJhY2s6MTAxNTkyMjQyMjQwMjI5MzRfNTYwNDc4MjE0NjI4MDA0Mg==","Y29tbWVudDoxMDE1OTIyNDIyNDAyMjkzNF81NjA0NzgyMTQ2MjgwMDQy","0","93889432933","93889432933","pfbid02FwGG52bu5VF3CWZDaUP6NP67EaMThqyhuxXCQVDit5yTp9o59Wt2ekww2QowTbYDl","Tan Tan","https://scontent-mia3-2.xx.fbcdn.net/v/t1.30497-1/143086968_2856368904622192_1959732218791162458_n.png?stp=cp0_dst-png_p32x32&_nc_cat=1&ccb=1-7&_nc_sid=7206a8&_nc_ohc=x3PhOYWAf78AX-oXOs7&_nc_ht=scontent-mia3-2.xx&oh=00_AfAngLSQvbb_b-LLSnu4NkMXlIk0gMm4KO8D5Jc216MLtg&oe=643E3EF8",,"when gov implement no jab cannot enter workplace. Many will obediently in for their additional shot."
"share","fallback",,,,"2022-11-04T14:42:10.000Z","10159224224022934","https://m.facebook.com/story.php?story_fbid=pfbid0Ba1KP2dbnFe6ggYpWejb3JzWt97RZumvEgUgZiJ1gyzspZVLu76Neo5YAC9gNUJbl&id=93889432933&sfnsn=mo&mibextid=6aamW6","ZmVlZGJhY2s6MTAxNTkyMjQyMjQwMjI5MzRfMjA5NDg5NzY2MDg5ODgxMw==","Y29tbWVudDoxMDE1OTIyNDIyNDAyMjkzNF8yMDk0ODk3NjYwODk4ODEz","3","93889432933","93889432933","pfbid0u9aquaL1smSTwXknnGfzPaAAeakmLXLJv6fo585YormgGh4jK7u6Qk8tJZicLiHxl","Miranda Long","https://scontent-mia3-1.xx.fbcdn.net/v/t1.6435-1/107285536_103068148154791_5345704459429288880_n.jpg?stp=cp0_dst-jpg_p32x32&_nc_cat=106&ccb=1-7&_nc_sid=7206a8&_nc_ohc=4Lj7CJfTv0sAX-AXntw&_nc_ht=scontent-mia3-1.xx&oh=00_AfBHzqE99EcJ3_dZ8cUdtRfDyoxfCtvhvyF3VAOFjdLMVg&oe=643E361A","https://www.facebook.com/people/Miranda-Long/pfbid0u9aquaL1smSTwXknnGfzPaAAeakmLXLJv6fo585YormgGh4jK7u6Qk8tJZicLiHxl/","https://www.prolificskins.com/forum/current-affairs/nincompoop-health-minister-ong-ye-kung-gets-grilled-by-netizen-on-whether-the-sg-government-has-shush-agreement-with-pfizer"
,,,,,"2022-11-04T11:50:10.000Z","10159224224022934","https://m.facebook.com/story.php?story_fbid=pfbid0Ba1KP2dbnFe6ggYpWejb3JzWt97RZumvEgUgZiJ1gyzspZVLu76Neo5YAC9gNUJbl&id=93889432933&sfnsn=mo&mibextid=6aamW6","ZmVlZGJhY2s6MTAxNTkyMjQyMjQwMjI5MzRfNjYzOTUzMzU4NjIyODg5","Y29tbWVudDoxMDE1OTIyNDIyNDAyMjkzNF82NjM5NTMzNTg2MjI4ODk=","0","93889432933","93889432933","pfbid0Ud84spuVs2iXHm8EQnemz6tPakg4xYcVFo2WMvpZ3XaueBsE95iUWkEQqTwbC8ool","Tony Sim","https://scontent-mia3-1.xx.fbcdn.net/v/t1.18169-1/12144788_1716454658574548_4542027784013503391_n.jpg?stp=cp0_dst-jpg_p32x32&_nc_cat=101&ccb=1-7&_nc_sid=7206a8&_nc_ohc=1gEynVmP-lkAX-pQK7s&_nc_ht=scontent-mia3-1.xx&oh=00_AfDbS48N-sZ-Ka1zHBZ3rJVUtKXJUopO18H_JDJ7-FdFgg&oe=643E3CF0",,"Allergies alert"
"animated_image_share","image_share","share","fallback",,"2022-11-04T16:34:01.000Z","10159224224022934","https://m.facebook.com/story.php?story_fbid=pfbid0Ba1KP2dbnFe6ggYpWejb3JzWt97RZumvEgUgZiJ1gyzspZVLu76Neo5YAC9gNUJbl&id=93889432933&sfnsn=mo&mibextid=6aamW6","ZmVlZGJhY2s6MTAxNTkyMjQyMjQwMjI5MzRfMjkyMDg4MDc2MTM5MDA2Mg==","Y29tbWVudDoxMDE1OTIyNDIyNDAyMjkzNF8yOTIwODgwNzYxMzkwMDYy","0","93889432933","93889432933","pfbid022Aq2PKjbmWB1KS9Ehw1BUPEgDJk66fA6KXbk7nuyqr6UUjUwDd9k6Zx6UFYU45MBl","Angeline Huang","https://scontent-mia3-1.xx.fbcdn.net/v/t1.6435-1/167132317_10158159481801848_4865047622423997881_n.jpg?stp=cp0_dst-jpg_p32x32&_nc_cat=100&ccb=1-7&_nc_sid=7206a8&_nc_ohc=qaNNWtxEljEAX_1LNXk&_nc_ht=scontent-mia3-1.xx&oh=00_AfAOMejnYbsiCPkUjZ-P11h1h1ZR8DVxgbcbEoUZ-6MeXQ&oe=643E4DC4",,
,,,,,"2022-11-05T03:41:25.000Z","10159224224022934","https://m.facebook.com/story.php?story_fbid=pfbid0Ba1KP2dbnFe6ggYpWejb3JzWt97RZumvEgUgZiJ1gyzspZVLu76Neo5YAC9gNUJbl&id=93889432933&sfnsn=mo&mibextid=6aamW6","ZmVlZGJhY2s6MTAxNTkyMjQyMjQwMjI5MzRfMTI1OTE5OTMxMTMxOTEwOQ==","Y29tbWVudDoxMDE1OTIyNDIyNDAyMjkzNF8xMjU5MTk5MzExMzE5MTA5","3","93889432933","93889432933","pfbid07cEDPrJtL8L2d7VPr2V7tr6Estq1Y6uNZNqsLyvGWie7snc4oWHtCHHNuuSBimr7l","Kam Suet Cheng","https://scontent-mia3-1.xx.fbcdn.net/v/t1.6435-1/67086426_10218591936417172_3977725648419422208_n.jpg?stp=cp0_dst-jpg_p32x32&_nc_cat=111&ccb=1-7&_nc_sid=7206a8&_nc_ohc=3rw1mYtwxBQAX8PhUAL&_nc_ht=scontent-mia3-1.xx&oh=00_AfDyc_5fO13aFRh2-pPD_baWxdCF0nM51K_uG3p72UxPRQ&oe=643E2A10","https://www.facebook.com/KamSuetCheng","The risks and harm of covid vaccination is substantial and cannot be ignored. Do think and research thoroughly before going ahead with any further vaccination. Is it worth it? How much added protection the additional booster dose will provide and does it outweigh the potential harm and risks to your body? Do think again."
,,,,,"2022-11-04T12:51:44.000Z","10159224224022934","https://m.facebook.com/story.php?story_fbid=pfbid0Ba1KP2dbnFe6ggYpWejb3JzWt97RZumvEgUgZiJ1gyzspZVLu76Neo5YAC9gNUJbl&id=93889432933&sfnsn=mo&mibextid=6aamW6","ZmVlZGJhY2s6MTAxNTkyMjQyMjQwMjI5MzRfODYwNTY2MTc0OTQ5NzU0","Y29tbWVudDoxMDE1OTIyNDIyNDAyMjkzNF84NjA1NjYxNzQ5NDk3NTQ=","0","93889432933","93889432933","pfbid033N4qcbLYvWzV4nmLMozVWKx1CTJSC6XLYCZt2GQJZpvXWfGKGWqrukaVZhG4fcerl","Darren Lin","https://scontent-mia3-2.xx.fbcdn.net/v/t1.6435-1/56679447_2137513092999548_5407723318721642496_n.jpg?stp=cp0_dst-jpg_p32x32&_nc_cat=109&ccb=1-7&_nc_sid=7206a8&_nc_ohc=Bz2wx9rilEcAX9WkzxD&_nc_ht=scontent-mia3-2.xx&oh=00_AfDlhv856gz6sG7l6VJIxwSXEEAvPD9ZDN-pvBhlFDA5og&oe=643E3DB3",,"Izzit those going to expired?"
,,,,,"2022-11-09T06:46:02.000Z","10159224224022934","https://m.facebook.com/story.php?story_fbid=pfbid0Ba1KP2dbnFe6ggYpWejb3JzWt97RZumvEgUgZiJ1gyzspZVLu76Neo5YAC9gNUJbl&id=93889432933&sfnsn=mo&mibextid=6aamW6","ZmVlZGJhY2s6MTAxNTkyMjQyMjQwMjI5MzRfMTIwOTU0MzAyMzI1MjI0MQ==","Y29tbWVudDoxMDE1OTIyNDIyNDAyMjkzNF8xMjA5NTQzMDIzMjUyMjQx","0","93889432933","93889432933","pfbid06c8QJo9gbkSJ5PrArqqxLNDhTWrFF2JPAevG5xi22o3JetmSqDKxDRLNuYZi6naal","Dixonenzo Dellee","https://scontent-mia3-1.xx.fbcdn.net/v/t1.18169-1/10885406_10152703079078743_5773584456358756198_n.jpg?stp=cp0_dst-jpg_p32x32&_nc_cat=111&ccb=1-7&_nc_sid=7206a8&_nc_ohc=eoc_EcotYLkAX__rkKl&_nc_ht=scontent-mia3-1.xx&oh=00_AfBfeU0irbsh2p8dUGAhdFVddaX191dbO29VJLDuGHrkdw&oe=643E23B4",,"Waiting for the parliment member to shot first before we shot.."
,,,,,"2022-11-04T11:35:05.000Z","10159224224022934","https://m.facebook.com/story.php?story_fbid=pfbid0Ba1KP2dbnFe6ggYpWejb3JzWt97RZumvEgUgZiJ1gyzspZVLu76Neo5YAC9gNUJbl&id=93889432933&sfnsn=mo&mibextid=6aamW6","ZmVlZGJhY2s6MTAxNTkyMjQyMjQwMjI5MzRfNDY4NzQ3Nzk4NTgyNDA1","Y29tbWVudDoxMDE1OTIyNDIyNDAyMjkzNF80Njg3NDc3OTg1ODI0MDU=","5","93889432933","93889432933","pfbid0V5mcHH4WPGP7i2BxZSPPGb8Jr3v53zNCe58gJJ5CvtGWJZpP3wnKvrRBHsZyKSrDl","Lee Truthseeker","https://scontent-mia3-1.xx.fbcdn.net/v/t39.30808-1/315636398_192459453269909_8157709152535591322_n.jpg?stp=cp0_dst-jpg_p32x32&_nc_cat=101&ccb=1-7&_nc_sid=7206a8&_nc_ohc=zWAOImSD9JcAX81dpyp&_nc_ht=scontent-mia3-1.xx&oh=00_AfCTcIi20DxieDLa4pkuLCNvVe-gyoANezGvJvhCZY337Q&oe=641CA277","https://www.facebook.com/people/Lee-Truthseeker/pfbid0V5mcHH4WPGP7i2BxZSPPGb8Jr3v53zNCe58gJJ5CvtGWJZpP3wnKvrRBHsZyKSrDl/","Gene therapy"
,,,,,"2022-11-04T13:40:29.000Z","10159224224022934","https://m.facebook.com/story.php?story_fbid=pfbid0Ba1KP2dbnFe6ggYpWejb3JzWt97RZumvEgUgZiJ1gyzspZVLu76Neo5YAC9gNUJbl&id=93889432933&sfnsn=mo&mibextid=6aamW6","ZmVlZGJhY2s6MTAxNTkyMjQyMjQwMjI5MzRfMTU1MzI3NDkwMTc3MTA3Ng==","Y29tbWVudDoxMDE1OTIyNDIyNDAyMjkzNF8xNTUzMjc0OTAxNzcxMDc2","4","93889432933","93889432933","pfbid02UwuVFTpa7MxKq4wUSeQyd8RnfHxMfrekFUqDPVXFbzb7H865zAoryX9GeVGFBbXTl","Heather Davis Nielsen","https://scontent-mia3-2.xx.fbcdn.net/v/t39.30808-1/291569253_10160414835710168_9064433220924781648_n.jpg?stp=cp0_dst-jpg_p32x32&_nc_cat=109&ccb=1-7&_nc_sid=7206a8&_nc_ohc=gETw-TMHZjUAX_BygQd&_nc_ht=scontent-mia3-2.xx&oh=00_AfAjum-F8w9VWGLP4oguNXefJWJP1T_Ae70U5Q3eko6MXQ&oe=641CA608",,"Stay away from this poison!!!!!"
,,,,,"2022-11-04T12:17:45.000Z","10159224224022934","https://m.facebook.com/story.php?story_fbid=pfbid0Ba1KP2dbnFe6ggYpWejb3JzWt97RZumvEgUgZiJ1gyzspZVLu76Neo5YAC9gNUJbl&id=93889432933&sfnsn=mo&mibextid=6aamW6","ZmVlZGJhY2s6MTAxNTkyMjQyMjQwMjI5MzRfNTA3ODg2NDQxMjM4MDk5","Y29tbWVudDoxMDE1OTIyNDIyNDAyMjkzNF81MDc4ODY0NDEyMzgwOTk=","7","93889432933","93889432933","pfbid04uWf52GJ7qKSZitnJBNaTJ6jocuNDBvjpFjFGRYbwH1vrVySGaihc46fHfDPxbdjl","Louay Ratgay","https://scontent-mia3-1.xx.fbcdn.net/v/t39.30808-1/330840324_1584510588627725_891564566100033350_n.jpg?stp=c0.0.32.32a_cp0_dst-jpg_p32x32&_nc_cat=104&ccb=1-7&_nc_sid=7206a8&_nc_ohc=qx0bPMkUvJIAX9d0PvG&_nc_ht=scontent-mia3-1.xx&oh=00_AfCMDNJ0mNsjKtXDyRZGhAR-_fpV04eDtugnhVLdAt8njw&oe=641C1771","https://www.facebook.com/people/Louay-Ratgay/pfbid04uWf52GJ7qKSZitnJBNaTJ6jocuNDBvjpFjFGRYbwH1vrVySGaihc46fHfDPxbdjl/","Still selling the vaccines stories? Beginning to suspect is Singapore's journalism incompetent or/and ignorant so much so that so-called reporters can only write such trivial as news and totally oblivious to critical news globally? This REAL NEWS is stripping off the lies sold about vaccines and it isn't even reported at all because some reputations will be in tatters?
https://m.facebook.com/story.php?story_fbid=pfbid02tw9u7SsiYimJRgnqqGPVn58FHJiigXcAcG6iHkQ4wAbeYawPj7JvvT4ctTmLF3bHl&id=1693509584252508&eav=Afbndqzp8oa5hVW0mEA8zQn7LDAppqcBLFgCjMDQjs2mwH3qPF__omO8k5aqu484-zs&fs=0&focus_composer=0&m_entstream_source=timeline&paipv=0
There has been ZERO news of Singaporeans becoming sick/died from VACCINATION? Is Singapore the ONLY country in the world whose vaccines worked PERFECTLY?
These are the FOUR QUESTIONS TO KEEP STUPIDITY AT BAY????
𝙎𝙤 𝙒𝙃𝙊 𝙡𝙞𝙚𝙙?
𝘿𝙞𝙙 𝘽𝙞𝙜 𝙋𝙝𝙖𝙧𝙢𝙖𝙨 𝙡𝙞𝙚??
𝘿𝙞𝙙 𝙜𝙡𝙤𝙗𝙖𝙡 𝙡𝙚𝙖𝙙𝙚𝙧𝙨 𝙡𝙞𝙚???
𝙊𝙧 𝙗𝙤𝙩𝙝 𝙞𝙣 𝙘𝙖𝙝𝙤𝙤𝙩𝙨????
Please answer ALL these questions in European Parliament???"
,,,,,"2022-11-04T17:21:34.000Z","10159224224022934","https://m.facebook.com/story.php?story_fbid=pfbid0Ba1KP2dbnFe6ggYpWejb3JzWt97RZumvEgUgZiJ1gyzspZVLu76Neo5YAC9gNUJbl&id=93889432933&sfnsn=mo&mibextid=6aamW6","ZmVlZGJhY2s6MTAxNTkyMjQyMjQwMjI5MzRfMTUwNjA3ODQ0MzE5MjEyMQ==","Y29tbWVudDoxMDE1OTIyNDIyNDAyMjkzNF8xNTA2MDc4NDQzMTkyMTIx","0","93889432933","93889432933","pfbid02Gtdh9nFdm4pjMFN154ioCxPQDT1Ww44zX83JNnArU27faZpgoCD91x8hSUhxtJEWl","Jeffery Van Buerle","https://scontent-mia3-2.xx.fbcdn.net/v/t1.6435-1/138381257_5088120177895819_6533231966306179503_n.jpg?stp=c6.6.217.217a_cp0_dst-jpg_s32x32&_nc_cat=105&ccb=1-7&_nc_sid=7206a8&_nc_ohc=uRCVpp3I6ZoAX_NSosn&_nc_ht=scontent-mia3-2.xx&oh=00_AfDR5UH-02daiJaM0Itg-TAwV2Qvvk_BdfqvN60c3ezlzw&oe=643E2750",,"They gave you all so many vaccines & boosters that is ""suppose"" to already prevent you from catching anything. Suddenly start winning and say the jabs will wane after some time so you need - Bivalet...tantardah!!! Yeah right....they now know they got it wrong and but want us to believe this is The One!"
,,,,,"2022-11-05T06:17:45.000Z","10159224224022934","https://m.facebook.com/story.php?story_fbid=pfbid0Ba1KP2dbnFe6ggYpWejb3JzWt97RZumvEgUgZiJ1gyzspZVLu76Neo5YAC9gNUJbl&id=93889432933&sfnsn=mo&mibextid=6aamW6","ZmVlZGJhY2s6MTAxNTkyMjQyMjQwMjI5MzRfNDMwOTA5NTY1Nzg2NDQ5","Y29tbWVudDoxMDE1OTIyNDIyNDAyMjkzNF80MzA5MDk1NjU3ODY0NDk=","2","93889432933","93889432933","pfbid02egrD4dRcjBi5UXt23BrYRsv6XSZxEAg2TbH12LpENjMPsvMcz6k8eLWXKeLdoqhWl","Mansore Mansore","https://scontent-mia3-2.xx.fbcdn.net/v/t1.30497-1/143086968_2856368904622192_1959732218791162458_n.png?stp=cp0_dst-png_p32x32&_nc_cat=1&ccb=1-7&_nc_sid=7206a8&_nc_ohc=x3PhOYWAf78AX-oXOs7&_nc_ht=scontent-mia3-2.xx&oh=00_AfAngLSQvbb_b-LLSnu4NkMXlIk0gMm4KO8D5Jc216MLtg&oe=643E3EF8","https://www.facebook.com/obaid.barek","We really need to stand firmly against this vaccine nonsense, enough is enough, many lifes have destroyed already...there's clear scientifically evidence that the vaccine is totally useless..& dangerous to human beings..
We have been quarantine for more than 2 years + vaccination, & yet ...."
,,,,,"2023-01-15T06:18:27.000Z","10159224224022934","https://m.facebook.com/story.php?story_fbid=pfbid0Ba1KP2dbnFe6ggYpWejb3JzWt97RZumvEgUgZiJ1gyzspZVLu76Neo5YAC9gNUJbl&id=93889432933&sfnsn=mo&mibextid=6aamW6","ZmVlZGJhY2s6MTAxNTkyMjQyMjQwMjI5MzRfMTM3MDkzMTcyMDMzMTg0OQ==","Y29tbWVudDoxMDE1OTIyNDIyNDAyMjkzNF8xMzcwOTMxNzIwMzMxODQ5","1","93889432933","93889432933","pfbid0V5mcHH4WPGP7i2BxZSPPGb8Jr3v53zNCe58gJJ5CvtGWJZpP3wnKvrRBHsZyKSrDl","Lee Truthseeker","https://scontent-mia3-1.xx.fbcdn.net/v/t39.30808-1/315636398_192459453269909_8157709152535591322_n.jpg?stp=cp0_dst-jpg_p32x32&_nc_cat=101&ccb=1-7&_nc_sid=7206a8&_nc_ohc=zWAOImSD9JcAX81dpyp&_nc_ht=scontent-mia3-1.xx&oh=00_AfCTcIi20DxieDLa4pkuLCNvVe-gyoANezGvJvhCZY337Q&oe=641CA277","https://www.facebook.com/people/Lee-Truthseeker/pfbid0V5mcHH4WPGP7i2BxZSPPGb8Jr3v53zNCe58gJJ5CvtGWJZpP3wnKvrRBHsZyKSrDl/","NO INCREASED RISK BECAUSE STROKE SURE KENA THEREFORE IT’S 💯 % IN THE LONG RUN GET IT

HOW CAN A CONFIRMED AND GUARANTEED EVENT HAVE AN INCREASED LIKELIHOOD?

😂😂😂😂😂

TRUTH HERE

https://m.facebook.com/story.php?story_fbid=625192929471443&id=100059422245844"
"share","fallback",,,,"2022-11-04T12:57:44.000Z","10159224224022934","https://m.facebook.com/story.php?story_fbid=pfbid0Ba1KP2dbnFe6ggYpWejb3JzWt97RZumvEgUgZiJ1gyzspZVLu76Neo5YAC9gNUJbl&id=93889432933&sfnsn=mo&mibextid=6aamW6","ZmVlZGJhY2s6MTAxNTkyMjQyMjQwMjI5MzRfMTEwOTYzMTY2MzAyMTMxOQ==","Y29tbWVudDoxMDE1OTIyNDIyNDAyMjkzNF8xMTA5NjMxNjYzMDIxMzE5","7","93889432933","93889432933","pfbid02QEt2Enz1BrnnqD1HqXZP4LfgzYTcKNXekkqdiaZtKJy4TxP7pHnsLDf6ygeY2Ngyl","Teo Chor Cheng","https://scontent-mia3-1.xx.fbcdn.net/v/t1.18169-1/10400274_6758059187_5383_n.jpg?stp=c0.0.32.32a_cp0_dst-jpg_p32x32&_nc_cat=100&ccb=1-7&_nc_sid=7206a8&_nc_ohc=bM3tHkbGyrEAX9s_j5X&_nc_ht=scontent-mia3-1.xx&oh=00_AfA5rDJkB1ZrK7SIPtSnJq0Dg2mpmWGyDf22KpR3NrBCQQ&oe=643E53B4",,"Not taking this OUTDATED, UNTESTED, UNAPPROVED and UNSAFE jab!! 

Demand REFUND from Pfizer and Moderna!! 

https://youtu.be/mnxlxzxoZx0"
,,,,,"2022-11-04T13:12:45.000Z","10159224224022934","https://m.facebook.com/story.php?story_fbid=pfbid0Ba1KP2dbnFe6ggYpWejb3JzWt97RZumvEgUgZiJ1gyzspZVLu76Neo5YAC9gNUJbl&id=93889432933&sfnsn=mo&mibextid=6aamW6","ZmVlZGJhY2s6MTAxNTkyMjQyMjQwMjI5MzRfODQ3OTQyNjAyOTkyMDYx","Y29tbWVudDoxMDE1OTIyNDIyNDAyMjkzNF84NDc5NDI2MDI5OTIwNjE=","1","93889432933","93889432933","pfbid01KuNMkWjHiRhsQWbgWJMyHYrTc4muS3ZyDgkCk2EuHYvF5q2dKz7teFinwd21HUVl","Fa'iz Rahim","https://scontent-mia3-1.xx.fbcdn.net/v/t1.6435-1/54798905_10156144246043342_66919696460414976_n.jpg?stp=cp0_dst-jpg_p32x32&_nc_cat=101&ccb=1-7&_nc_sid=7206a8&_nc_ohc=Hs8ucWIC3k0AX9czNt8&_nc_ht=scontent-mia3-1.xx&oh=00_AfBbf3KpVjI6Z54lime7B9eezq63gVIWsyEg5dAa7rnrQw&oe=643E3BE8",,"Nice! Looking forward to get my jab. Delahk Ffital lets go bro! Free vax dont miss it!"
,,,,,"2022-11-04T12:59:22.000Z","10159224224022934","https://m.facebook.com/story.php?story_fbid=pfbid0Ba1KP2dbnFe6ggYpWejb3JzWt97RZumvEgUgZiJ1gyzspZVLu76Neo5YAC9gNUJbl&id=93889432933&sfnsn=mo&mibextid=6aamW6","ZmVlZGJhY2s6MTAxNTkyMjQyMjQwMjI5MzRfNTI4Nzg4NzcyMDA1ODY1","Y29tbWVudDoxMDE1OTIyNDIyNDAyMjkzNF81Mjg3ODg3NzIwMDU4NjU=","0","93889432933","93889432933","pfbid02awjsUxeky4QgQk52C1wdwAmLbe2htEp8K8UNnxkwdGQKff65sFq3hUFnD2EEqhpHl","Аделаида Андрунцив","https://scontent-mia3-1.xx.fbcdn.net/v/t39.30808-1/337016940_5784512511616765_6609832276515552448_n.jpg?stp=c0.0.32.32a_cp0_dst-jpg_p32x32&_nc_cat=100&ccb=1-7&_nc_sid=7206a8&_nc_ohc=E1wouCVLZhcAX85_IaP&_nc_ht=scontent-mia3-1.xx&oh=00_AfAM5s8o--8cD-DHCOXXTiAOvKJhB9-EFzjkpnMzqMgNjg&oe=641C6C59","https://www.facebook.com/people/%D0%90%D0%B4%D0%B5%D0%BB%D0%B0%D0%B8%D0%B4%D0%B0-%D0%90%D0%BD%D0%B4%D1%80%D1%83%D0%BD%D1%86%D0%B8%D0%B2/pfbid02awjsUxeky4QgQk52C1wdwAmLbe2htEp8K8UNnxkwdGQKff65sFq3hUFnD2EEqhpHl/","🔥🍑Dress me in a schoolgirl... if u can Write me a private message I'm waiting for u 🍌"
,,,,,"2022-11-04T11:21:37.000Z","10159224224022934","https://m.facebook.com/story.php?story_fbid=pfbid0Ba1KP2dbnFe6ggYpWejb3JzWt97RZumvEgUgZiJ1gyzspZVLu76Neo5YAC9gNUJbl&id=93889432933&sfnsn=mo&mibextid=6aamW6","ZmVlZGJhY2s6MTAxNTkyMjQyMjQwMjI5MzRfNDMzNzA3NjAyMTc0MDcz","Y29tbWVudDoxMDE1OTIyNDIyNDAyMjkzNF80MzM3MDc2MDIxNzQwNzM=","4","93889432933","93889432933","pfbid02vW74g55owbgAv9dSY6qLdJFCba3T3PFr8UZssE3HnHfwvcm9XCDaNRKo3uy5ZSKyl","Andy Lim","https://scontent-ord5-2.xx.fbcdn.net/v/t1.18169-1/14570392_1196339610427635_797857866967878181_n.jpg?stp=cp0_dst-jpg_p32x32&_nc_cat=105&ccb=1-7&_nc_sid=7206a8&_nc_ohc=ooPjWRIr87kAX8CcV4R&_nc_ht=scontent-ord5-2.xx&oh=00_AfChO3jnkH-D_qNN9NxQJ9Vk9qrqShhv1uYohB5nlj7HxQ&oe=643E1F1D","https://www.facebook.com/people/Andy-Lim/pfbid02vW74g55owbgAv9dSY6qLdJFCba3T3PFr8UZssE3HnHfwvcm9XCDaNRKo3uy5ZSKyl/","Now encourage people to jab, but if the response is not good, they will make it mandatory or impose restriction to those not taken, guarantee plus chop."
,,,,,"2022-11-04T11:05:59.000Z","10159224224022934","https://m.facebook.com/story.php?story_fbid=pfbid0Ba1KP2dbnFe6ggYpWejb3JzWt97RZumvEgUgZiJ1gyzspZVLu76Neo5YAC9gNUJbl&id=93889432933&sfnsn=mo&mibextid=6aamW6","ZmVlZGJhY2s6MTAxNTkyMjQyMjQwMjI5MzRfNjQxNDE3NTY3NDg4MDI2","Y29tbWVudDoxMDE1OTIyNDIyNDAyMjkzNF82NDE0MTc1Njc0ODgwMjY=","6","93889432933","93889432933","pfbid02r1kN4uo6i4ddNSeejfxrapd9BPeShg73tbUvYw9BSrZmKCzJseVNfYwwp2a2gbRQl","Gita Sesh","https://scontent-ord5-1.xx.fbcdn.net/v/t1.6435-1/120237114_10207760775414443_3659327456623857488_n.jpg?stp=cp0_dst-jpg_p32x32&_nc_cat=108&ccb=1-7&_nc_sid=7206a8&_nc_ohc=vkVkjKLFpvMAX9r9b3D&_nc_ht=scontent-ord5-1.xx&oh=00_AfBiYzeChIvlbJCheGGUPZeYvoXBpBuhjI7NLYTyCBXiEg&oe=643E4EB1",,"This pushing bothers me. Seriously! 😑"
"animated_image_share","image_share","share","fallback",,"2022-11-04T10:59:05.000Z","10159224224022934","https://m.facebook.com/story.php?story_fbid=pfbid0Ba1KP2dbnFe6ggYpWejb3JzWt97RZumvEgUgZiJ1gyzspZVLu76Neo5YAC9gNUJbl&id=93889432933&sfnsn=mo&mibextid=6aamW6","ZmVlZGJhY2s6MTAxNTkyMjQyMjQwMjI5MzRfNzg5MTU2MzM1NzE5NDky","Y29tbWVudDoxMDE1OTIyNDIyNDAyMjkzNF83ODkxNTYzMzU3MTk0OTI=","0","93889432933","93889432933","pfbid031AHpJEf8tY7u5EgJfoGZce8f1aGkNsGsc8KcWbMQoYCg6giHcWYXkQeXVNzdsVEgl","Michele Antenori","https://scontent-ord5-1.xx.fbcdn.net/v/t39.30808-1/279549779_4918039381565125_6155589833946130734_n.jpg?stp=cp0_dst-jpg_p32x32&_nc_cat=109&ccb=1-7&_nc_sid=7206a8&_nc_ohc=yd_f7FBhidkAX8UymiK&_nc_ht=scontent-ord5-1.xx&oh=00_AfANZXjjgEgH_BKWwFfBSrn1hfZI43xKwpcKFwMBydLoDA&oe=641C4038",,
,,,,,"2022-11-04T10:53:45.000Z","10159224224022934","https://m.facebook.com/story.php?story_fbid=pfbid0Ba1KP2dbnFe6ggYpWejb3JzWt97RZumvEgUgZiJ1gyzspZVLu76Neo5YAC9gNUJbl&id=93889432933&sfnsn=mo&mibextid=6aamW6","ZmVlZGJhY2s6MTAxNTkyMjQyMjQwMjI5MzRfNDg4OTYxNDI2MzI5MDIz","Y29tbWVudDoxMDE1OTIyNDIyNDAyMjkzNF80ODg5NjE0MjYzMjkwMjM=","4","93889432933","93889432933","571524067","志伟志伟曾","https://scontent-ord5-2.xx.fbcdn.net/v/t39.30808-1/301214725_10160563258084068_4753060704974422921_n.jpg?stp=cp0_dst-jpg_p32x32&_nc_cat=102&ccb=1-7&_nc_sid=f67be1&_nc_ohc=AZdob8HcLoQAX-4_2Eq&_nc_ht=scontent-ord5-2.xx&oh=00_AfAU5KQukC_jPG23d1IR67sk3Fm4o079Lbt6nXQi-zDgrQ&oe=641C0048",,"Uselessness PAP Government listen carefully now, u shall be vote out by me and my Opposites Party one Lifetime"
,,,,,"2022-11-04T10:53:29.000Z","10159224224022934","https://m.facebook.com/story.php?story_fbid=pfbid0Ba1KP2dbnFe6ggYpWejb3JzWt97RZumvEgUgZiJ1gyzspZVLu76Neo5YAC9gNUJbl&id=93889432933&sfnsn=mo&mibextid=6aamW6","ZmVlZGJhY2s6MTAxNTkyMjQyMjQwMjI5MzRfNDgyMTc5NTcwNTQ5NjU4","Y29tbWVudDoxMDE1OTIyNDIyNDAyMjkzNF80ODIxNzk1NzA1NDk2NTg=","1","93889432933","93889432933","pfbid0XjyUoSkHFAQ7SpHq6UAsbE9eWRjd2QTnawySe1heVaSSFekX4ULsR5urwugbT3Lhl","Eng Lee","https://scontent-ord5-1.xx.fbcdn.net/v/t1.6435-1/154240452_1337879316545324_3809112144609542128_n.jpg?stp=c8.0.32.32a_cp0_dst-jpg_p32x32&_nc_cat=108&ccb=1-7&_nc_sid=7206a8&_nc_ohc=VMXiLUa0X4QAX8RwfIf&_nc_ht=scontent-ord5-1.xx&oh=00_AfDrQ36k7KKEr6nwnZuFrvHpxSg38lPrSNY3QBvVaJbfFw&oe=643E1EBA",,"🤪🤨🙄"
,,,,,"2022-11-04T10:53:18.000Z","10159224224022934","https://m.facebook.com/story.php?story_fbid=pfbid0Ba1KP2dbnFe6ggYpWejb3JzWt97RZumvEgUgZiJ1gyzspZVLu76Neo5YAC9gNUJbl&id=93889432933&sfnsn=mo&mibextid=6aamW6","ZmVlZGJhY2s6MTAxNTkyMjQyMjQwMjI5MzRfNDk3OTgyMjM1NzA3NDkz","Y29tbWVudDoxMDE1OTIyNDIyNDAyMjkzNF80OTc5ODIyMzU3MDc0OTM=","7","93889432933","93889432933","571524067","志伟志伟曾","https://scontent-ord5-2.xx.fbcdn.net/v/t39.30808-1/301214725_10160563258084068_4753060704974422921_n.jpg?stp=cp0_dst-jpg_p32x32&_nc_cat=102&ccb=1-7&_nc_sid=f67be1&_nc_ohc=AZdob8HcLoQAX-4_2Eq&_nc_ht=scontent-ord5-2.xx&oh=00_AfAU5KQukC_jPG23d1IR67sk3Fm4o079Lbt6nXQi-zDgrQ&oe=641C0048",,"God will punished everyone's of the useless PAP Party Government inside the 18 hell when they die"
,,,,,"2022-11-04T10:52:52.000Z","10159224224022934","https://m.facebook.com/story.php?story_fbid=pfbid0Ba1KP2dbnFe6ggYpWejb3JzWt97RZumvEgUgZiJ1gyzspZVLu76Neo5YAC9gNUJbl&id=93889432933&sfnsn=mo&mibextid=6aamW6","ZmVlZGJhY2s6MTAxNTkyMjQyMjQwMjI5MzRfMjM2Nzc3OTk1NjcyMzM2OA==","Y29tbWVudDoxMDE1OTIyNDIyNDAyMjkzNF8yMzY3Nzc5OTU2NzIzMzY4","6","93889432933","93889432933","571524067","志伟志伟曾","https://scontent-ord5-2.xx.fbcdn.net/v/t39.30808-1/301214725_10160563258084068_4753060704974422921_n.jpg?stp=cp0_dst-jpg_p32x32&_nc_cat=102&ccb=1-7&_nc_sid=f67be1&_nc_ohc=AZdob8HcLoQAX-4_2Eq&_nc_ht=scontent-ord5-2.xx&oh=00_AfAU5KQukC_jPG23d1IR67sk3Fm4o079Lbt6nXQi-zDgrQ&oe=641C0048",,"Want me to vote for the useless PAP Party Government over my death body"
,,,,,"2022-11-04T10:44:02.000Z","10159224224022934","https://m.facebook.com/story.php?story_fbid=pfbid0Ba1KP2dbnFe6ggYpWejb3JzWt97RZumvEgUgZiJ1gyzspZVLu76Neo5YAC9gNUJbl&id=93889432933&sfnsn=mo&mibextid=6aamW6","ZmVlZGJhY2s6MTAxNTkyMjQyMjQwMjI5MzRfNDgxMjA4MzQwNjU4NzIw","Y29tbWVudDoxMDE1OTIyNDIyNDAyMjkzNF80ODEyMDgzNDA2NTg3MjA=","1","93889432933","93889432933","pfbid02axBD1mfrgYA6abfciuzkQVWBJMnHrJF8NBRentHHt5AcCf4gA8RCXXXnJuAjzYcBl","Caleb Chua","https://scontent-ord5-2.xx.fbcdn.net/v/t39.30808-1/335921565_773487340493586_6581527025808780319_n.jpg?stp=cp0_dst-jpg_p32x32&_nc_cat=107&ccb=1-7&_nc_sid=7206a8&_nc_ohc=Dq8FXgRxPxsAX9XLU43&_nc_oc=AQll07TZImggwv8qTXgZZ0YMVhq8J8fJDrN5C5K1-Baffav9TG2d3tQXFKTMKhW6vAofU4e94JX5D3QKOKMqgdlR&_nc_ht=scontent-ord5-2.xx&oh=00_AfAG5XpHGMgdPcNz-0hzsR2pct0VcWNwihjcSM-JQ_yxLQ&oe=641C9273",,"Not mandatory please !"
"share","fallback",,,,"2022-11-04T10:40:14.000Z","10159224224022934","https://m.facebook.com/story.php?story_fbid=pfbid0Ba1KP2dbnFe6ggYpWejb3JzWt97RZumvEgUgZiJ1gyzspZVLu76Neo5YAC9gNUJbl&id=93889432933&sfnsn=mo&mibextid=6aamW6","ZmVlZGJhY2s6MTAxNTkyMjQyMjQwMjI5MzRfNjQ3ODk0NjczNzAyNzg5","Y29tbWVudDoxMDE1OTIyNDIyNDAyMjkzNF82NDc4OTQ2NzM3MDI3ODk=","12","93889432933","93889432933","pfbid02fAonVkH2EJVK4DmJymyJeknnRAJsuGux9CEJP6w8AmUE2q38rvzNaaFGkszvtL8gl","Yen Chua","https://scontent-ord5-2.xx.fbcdn.net/v/t39.30808-1/324867438_465252499149489_4309563332489863613_n.jpg?stp=cp0_dst-jpg_p32x32&_nc_cat=110&ccb=1-7&_nc_sid=7206a8&_nc_ohc=LSFZtC9zZAwAX_q_J-A&_nc_ht=scontent-ord5-2.xx&oh=00_AfCUVNjwhQ8OhbwnXtp6WpnxuYkfTcX2tYPTqCFYS7-58g&oe=641ADE16","https://www.facebook.com/yenchuadotnet","A bully is a person who harasses, abuses, intimidates, or coerces people, especially those with less power than they have or those considered weaker or vulnerable in some way. The word often implies that such behavior is repeated or habitual. - Dictionary.com"
,,,,,"2022-11-04T10:38:32.000Z","10159224224022934","https://m.facebook.com/story.php?story_fbid=pfbid0Ba1KP2dbnFe6ggYpWejb3JzWt97RZumvEgUgZiJ1gyzspZVLu76Neo5YAC9gNUJbl&id=93889432933&sfnsn=mo&mibextid=6aamW6","ZmVlZGJhY2s6MTAxNTkyMjQyMjQwMjI5MzRfMTE2OTUwMzM5NzMxNDY5Mw==","Y29tbWVudDoxMDE1OTIyNDIyNDAyMjkzNF8xMTY5NTAzMzk3MzE0Njkz","4","93889432933","93889432933","pfbid0iLwHNffCtohQDAeBbu1UxLTQif3Q2XyQX5cQKthocwbB2cz7hLbNdjwjd7L2oJKGl","Pat Patina","https://scontent-ord5-2.xx.fbcdn.net/v/t39.30808-1/330285320_149318281380866_4111111782620832279_n.jpg?stp=cp1_dst-jpg_p32x32&_nc_cat=104&ccb=1-7&_nc_sid=7206a8&_nc_ohc=mwSYh3G66lsAX9SGWvR&_nc_ht=scontent-ord5-2.xx&oh=00_AfDSIFxJuoYG_8OYs2D5jCB79Q8mnreZS90WlMMGL2ZLPg&oe=641C93B1",,"https://www.bloomberg.com/news/articles/2022-10-25/new-boosters-from-moderna-and-pfizer-aren-t-better-than-old-ones-study-shows?cmpid%3D=socialflow-twitter-markets&leadSource=uverify%20wall"
"share","fallback",,,,"2022-11-04T10:36:48.000Z","10159224224022934","https://m.facebook.com/story.php?story_fbid=pfbid0Ba1KP2dbnFe6ggYpWejb3JzWt97RZumvEgUgZiJ1gyzspZVLu76Neo5YAC9gNUJbl&id=93889432933&sfnsn=mo&mibextid=6aamW6","ZmVlZGJhY2s6MTAxNTkyMjQyMjQwMjI5MzRfODEzMDYwMjE2NTgyOTQ5","Y29tbWVudDoxMDE1OTIyNDIyNDAyMjkzNF84MTMwNjAyMTY1ODI5NDk=","4","93889432933","93889432933","pfbid0iLwHNffCtohQDAeBbu1UxLTQif3Q2XyQX5cQKthocwbB2cz7hLbNdjwjd7L2oJKGl","Pat Patina","https://scontent-ord5-2.xx.fbcdn.net/v/t39.30808-1/330285320_149318281380866_4111111782620832279_n.jpg?stp=cp1_dst-jpg_p32x32&_nc_cat=104&ccb=1-7&_nc_sid=7206a8&_nc_ohc=mwSYh3G66lsAX9SGWvR&_nc_ht=scontent-ord5-2.xx&oh=00_AfDSIFxJuoYG_8OYs2D5jCB79Q8mnreZS90WlMMGL2ZLPg&oe=641C93B1",,"https://www.reuters.com/business/healthcare-pharmaceuticals/pfizer-covid-vaccine-price-hike-seen-giving-revenue-boost-years-2022-10-21/"
"animated_image_autoplay","animated_image_share","image_share","share","fallback","2022-11-04T10:37:41.000Z","10159224224022934","https://m.facebook.com/story.php?story_fbid=pfbid0Ba1KP2dbnFe6ggYpWejb3JzWt97RZumvEgUgZiJ1gyzspZVLu76Neo5YAC9gNUJbl&id=93889432933&sfnsn=mo&mibextid=6aamW6","ZmVlZGJhY2s6MTAxNTkyMjQyMjQwMjI5MzRfNjQ1MjMzMjkzNzc4MTEx","Y29tbWVudDoxMDE1OTIyNDIyNDAyMjkzNF82NDUyMzMyOTM3NzgxMTE=","1","93889432933","93889432933","pfbid024XT4qdGZKLREbj2a3mx7i35PEB8nYaPm6YJ1ebmgg3nhFjWD5HF2WBxKdAp6fdpsl","Sahren Kamis","https://scontent-ord5-1.xx.fbcdn.net/v/t39.30808-1/335465951_1389703165122118_8735202794300667823_n.jpg?stp=cp0_dst-jpg_p32x32&_nc_cat=111&ccb=1-7&_nc_sid=7206a8&_nc_ohc=IGfjgr60nmAAX8q6WST&_nc_ht=scontent-ord5-1.xx&oh=00_AfAx_ByhI4MmlciNoWB-aYj2kGZvY8Yih7vYKxGKSnFO-g&oe=641C06EA",,
"share","fallback",,,,"2022-11-04T10:32:06.000Z","10159224224022934","https://m.facebook.com/story.php?story_fbid=pfbid0Ba1KP2dbnFe6ggYpWejb3JzWt97RZumvEgUgZiJ1gyzspZVLu76Neo5YAC9gNUJbl&id=93889432933&sfnsn=mo&mibextid=6aamW6","ZmVlZGJhY2s6MTAxNTkyMjQyMjQwMjI5MzRfNzkxMjYxMzg4NjQ5MzM2","Y29tbWVudDoxMDE1OTIyNDIyNDAyMjkzNF83OTEyNjEzODg2NDkzMzY=","16","93889432933","93889432933","pfbid0xRidwBgYL3AMXF5FNbWoJHLwBToEkTnXryRo3ELcWXDmCzpb1k9qk9YyZkWB6YBjl","Nathaniel Chan","https://scontent-ord5-1.xx.fbcdn.net/v/t1.6435-1/49805523_10157268186074767_6804189702602620928_n.jpg?stp=cp0_dst-jpg_p32x32&_nc_cat=108&ccb=1-7&_nc_sid=7206a8&_nc_ohc=ST2fCG-ocPIAX-a-pGC&_nc_ht=scontent-ord5-1.xx&oh=00_AfD7sdXCRSjawgdtMGUQU8UvlGxzJweMeYAdTqOaxWhw7A&oe=643E53CD","https://www.facebook.com/nathanielchan.yz","As seen here (https://jamanetwork.com/journals/jamacardiology/fullarticle/2791253) - risk of myocarditis from Covid vax is HIGHEST among youths and young adults 16 years old and above. 

Will CNA report this? Will MOH communicate this clearly? 

Why is it youths and young adults are still encouraged to jab in view of the  above link?"
,,,,,"2022-11-04T10:26:40.000Z","10159224224022934","https://m.facebook.com/story.php?story_fbid=pfbid0Ba1KP2dbnFe6ggYpWejb3JzWt97RZumvEgUgZiJ1gyzspZVLu76Neo5YAC9gNUJbl&id=93889432933&sfnsn=mo&mibextid=6aamW6","ZmVlZGJhY2s6MTAxNTkyMjQyMjQwMjI5MzRfMTE5MzE1MzY5MTU0NjE2Ng==","Y29tbWVudDoxMDE1OTIyNDIyNDAyMjkzNF8xMTkzMTUzNjkxNTQ2MTY2","8","93889432933","93889432933","pfbid02aF1DhN8pgiWn5CbpX7jJgSdZndpPeniMgYjx9R6jjxRPqdLuN7feVG3pz94Vs1wsl","Bamboo Sor","https://scontent-ord5-2.xx.fbcdn.net/v/t1.30497-1/143086968_2856368904622192_1959732218791162458_n.png?stp=cp0_dst-png_p32x32&_nc_cat=1&ccb=1-7&_nc_sid=7206a8&_nc_ohc=x3PhOYWAf78AX-MXNCf&_nc_ht=scontent-ord5-2.xx&oh=00_AfCuvd1NLsz5UhMJ4KUjANfX74oEn7Re4pdcRrWiF4rWwg&oe=643E3EF8","https://www.facebook.com/bamboo.sor","Tell u what, why don’t MoH, starting with the Minister eat the bivalent gene therapy like 3 meals first? Seow, first said this gene therapy like flu vaccines, optional, now still ask young people to take? For what? This gene therapy neither stop the spread nor protect"
,,,,,"2022-11-04T10:20:58.000Z","10159224224022934","https://m.facebook.com/story.php?story_fbid=pfbid0Ba1KP2dbnFe6ggYpWejb3JzWt97RZumvEgUgZiJ1gyzspZVLu76Neo5YAC9gNUJbl&id=93889432933&sfnsn=mo&mibextid=6aamW6","ZmVlZGJhY2s6MTAxNTkyMjQyMjQwMjI5MzRfMTg0MTk5NTM4OTQ4ODc4Mg==","Y29tbWVudDoxMDE1OTIyNDIyNDAyMjkzNF8xODQxOTk1Mzg5NDg4Nzgy","0","93889432933","93889432933","pfbid0V6XwxhLvtBnMDxsf8RPpawJzwdoWp7DAfN1Xx22Z5MZtbcTc2Nq5j6gQoCeB2BQul","Pearlyn Chan","https://scontent-ord5-1.xx.fbcdn.net/v/t39.30808-1/316412623_5974489869230483_4885023512448660390_n.jpg?stp=cp0_dst-jpg_p32x32&_nc_cat=111&ccb=1-7&_nc_sid=7206a8&_nc_ohc=Fvj_jOS3mXMAX9Q9FJf&_nc_ht=scontent-ord5-1.xx&oh=00_AfDW0RA2yPe_EjgkbrQEQgRx-DHTxyQfv35Z2kt9GVlO6g&oe=641C7F58",,"I take till I don't know which one and how many 5th or 6th etc jap liao"
,,,,,"2022-11-04T10:21:54.000Z","10159224224022934","https://m.facebook.com/story.php?story_fbid=pfbid0Ba1KP2dbnFe6ggYpWejb3JzWt97RZumvEgUgZiJ1gyzspZVLu76Neo5YAC9gNUJbl&id=93889432933&sfnsn=mo&mibextid=6aamW6","ZmVlZGJhY2s6MTAxNTkyMjQyMjQwMjI5MzRfNjgwMjY0OTUwMzM2MDY2","Y29tbWVudDoxMDE1OTIyNDIyNDAyMjkzNF82ODAyNjQ5NTAzMzYwNjY=","0","93889432933","93889432933","pfbid0Ey8XLqvoVBQ3o5zUtPgJY1tpmWJtJxvcL7SaqgELzSJFykFXuQSkqPefF4afKRNVl","Muhammad Elfyednand","https://scontent-ord5-1.xx.fbcdn.net/v/t39.30808-1/323425123_637927158107931_6970049212289131137_n.jpg?stp=cp0_dst-jpg_p32x32&_nc_cat=108&ccb=1-7&_nc_sid=7206a8&_nc_ohc=aCS1dZNVDkcAX9u_vyi&_nc_ht=scontent-ord5-1.xx&oh=00_AfBhzfI0qkIDXEIlWRmHzwyecee_XV240fXi2Era8hUdDw&oe=641ABC78",,"Nurul Syazwany"
,,,,,"2022-11-04T10:19:17.000Z","10159224224022934","https://m.facebook.com/story.php?story_fbid=pfbid0Ba1KP2dbnFe6ggYpWejb3JzWt97RZumvEgUgZiJ1gyzspZVLu76Neo5YAC9gNUJbl&id=93889432933&sfnsn=mo&mibextid=6aamW6","ZmVlZGJhY2s6MTAxNTkyMjQyMjQwMjI5MzRfNDkwMjY4MDU5NzMzODcz","Y29tbWVudDoxMDE1OTIyNDIyNDAyMjkzNF80OTAyNjgwNTk3MzM4NzM=","21","93889432933","93889432933","pfbid0542ivq8iXvFgcFgNDJK9sSYgdhdj3SWCiTd1pUe1KM2hz5yBRRMhm7Posie3L6Ful","Daniel Lim","https://scontent-ord5-1.xx.fbcdn.net/v/t39.30808-1/299784657_10160506555533792_4757744814076975940_n.jpg?stp=cp0_dst-jpg_p32x32&_nc_cat=106&ccb=1-7&_nc_sid=7206a8&_nc_ohc=aoeTYNHK5CUAX9O6LOK&_nc_ht=scontent-ord5-1.xx&oh=00_AfAseNfJH18RkaFo2umrWV8Wc_WBVZDw8u-ek5ymX54M1g&oe=641BB1CF","https://www.facebook.com/daniellimsketch","If you need a few days off and ran out of ideas to tell your doctor.

Three simple questions to help you decide if you like to have a few days off:

1) Does it stop or prevent transmission?

2) Will it prevent you from getting covid (again)?

3) How many healthy 18-49 year olds were hospitalized or died from Covid?"
,,,,,"2022-11-04T10:17:59.000Z","10159224224022934","https://m.facebook.com/story.php?story_fbid=pfbid0Ba1KP2dbnFe6ggYpWejb3JzWt97RZumvEgUgZiJ1gyzspZVLu76Neo5YAC9gNUJbl&id=93889432933&sfnsn=mo&mibextid=6aamW6","ZmVlZGJhY2s6MTAxNTkyMjQyMjQwMjI5MzRfOTE1Njc2OTQ5NDExNTI2","Y29tbWVudDoxMDE1OTIyNDIyNDAyMjkzNF85MTU2NzY5NDk0MTE1MjY=","26","93889432933","93889432933","pfbid0gJ7fSvsJzJLWHxSfyK9PVdbxAXHo4dSc38sWYMhVNyhE5fpi4GxfgVg9LvJMzss7l","Jas Choi","https://scontent-ord5-2.xx.fbcdn.net/v/t39.30808-1/273576083_113580797907511_5311207800249734691_n.jpg?stp=cp0_dst-jpg_p32x32&_nc_cat=105&ccb=1-7&_nc_sid=7206a8&_nc_ohc=EAJm9ClNS8wAX_wlyG_&_nc_ht=scontent-ord5-2.xx&oh=00_AfCclvQVVzhE1W7b6Pzjxg1mpfheBrB6rhdEIrSWClqObA&oe=641C5A1A","https://www.facebook.com/people/Jas-Choi/pfbid0gJ7fSvsJzJLWHxSfyK9PVdbxAXHo4dSc38sWYMhVNyhE5fpi4GxfgVg9LvJMzss7l/","How many of booster have all ministers and their families taken to date?"
,,,,,"2022-11-04T10:17:17.000Z","10159224224022934","https://m.facebook.com/story.php?story_fbid=pfbid0Ba1KP2dbnFe6ggYpWejb3JzWt97RZumvEgUgZiJ1gyzspZVLu76Neo5YAC9gNUJbl&id=93889432933&sfnsn=mo&mibextid=6aamW6","ZmVlZGJhY2s6MTAxNTkyMjQyMjQwMjI5MzRfNjc5OTY5OTIzNDExMTkx","Y29tbWVudDoxMDE1OTIyNDIyNDAyMjkzNF82Nzk5Njk5MjM0MTExOTE=","7","93889432933","93889432933","pfbid02sbA5UYWTkk1ErzwRHuBBc4rbYtfDHe2fnvSs7z8gehxo3VQeaL6ZEpfPSf9EX7rTl","David Haswell","https://scontent-ord5-2.xx.fbcdn.net/v/t1.18169-1/27656965_2048191475197155_7929449651797998211_n.jpg?stp=cp0_dst-jpg_p32x32&_nc_cat=102&ccb=1-7&_nc_sid=7206a8&_nc_ohc=jJV2lsEctgEAX8glGTj&_nc_ht=scontent-ord5-2.xx&oh=00_AfCzgU9OnPg1HCs7ZhsdBXSqq4cph83-ITn1RKq95_rVqA&oe=643E4DB2",,"Don't take the death jab."
,,,,,"2022-11-04T10:17:00.000Z","10159224224022934","https://m.facebook.com/story.php?story_fbid=pfbid0Ba1KP2dbnFe6ggYpWejb3JzWt97RZumvEgUgZiJ1gyzspZVLu76Neo5YAC9gNUJbl&id=93889432933&sfnsn=mo&mibextid=6aamW6","ZmVlZGJhY2s6MTAxNTkyMjQyMjQwMjI5MzRfODEwOTYzNjIwMTcwNzc0","Y29tbWVudDoxMDE1OTIyNDIyNDAyMjkzNF84MTA5NjM2MjAxNzA3NzQ=","2","93889432933","93889432933","pfbid038G1hUJ1UqnuvRVUb6ee3wUH91H6iCJs4FMVX4dchRAuY6X517usRhqwEv6goJd9Sl","Shu Han Loh","https://scontent-ord5-2.xx.fbcdn.net/v/t1.6435-1/90356408_121814436079201_8997432430390411264_n.jpg?stp=cp0_dst-jpg_p32x32&_nc_cat=107&ccb=1-7&_nc_sid=7206a8&_nc_ohc=FmnyP1tNz80AX9BtHCH&_nc_oc=AQkVBKMNrq1JH55l0h55kzhA9lliPbHkHGMkf66Kdtk5Wg1hwWK5fNSBbvMziSw_YPSTJN8RVJi_EVrqxebRXdzI&_nc_ht=scontent-ord5-2.xx&oh=00_AfAPWAZqSMzLaekYroiS7fV5qDvWLXB_NsoZZoPidyuHVQ&oe=643E4804",,"Finally. Science prevails. Thank you MTF.

I implore all parents to vaccinate your kids and yourselves too. 

(But I still hate you guys and you're not getting my vote in the next GE)"
,,,,,"2022-11-04T10:12:36.000Z","10159224224022934","https://m.facebook.com/story.php?story_fbid=pfbid0Ba1KP2dbnFe6ggYpWejb3JzWt97RZumvEgUgZiJ1gyzspZVLu76Neo5YAC9gNUJbl&id=93889432933&sfnsn=mo&mibextid=6aamW6","ZmVlZGJhY2s6MTAxNTkyMjQyMjQwMjI5MzRfMTg4OTc4Njg4NDY5NzkzNw==","Y29tbWVudDoxMDE1OTIyNDIyNDAyMjkzNF8xODg5Nzg2ODg0Njk3OTM3","15","93889432933","93889432933","pfbid02QD2LjM9qQTB9dwdS3duRPnmn9cQqHTJPMpcnVNDoq1emQLxxVonhyuGJiCR26K5Ml","Nathaniel Chia","https://scontent-ord5-2.xx.fbcdn.net/v/t31.18172-1/14310344_10153724725761237_7261925927285705709_o.jpg?stp=cp0_dst-jpg_p32x32&_nc_cat=110&ccb=1-7&_nc_sid=7206a8&_nc_ohc=0BnNaU7h8zYAX9oIrK6&_nc_ht=scontent-ord5-2.xx&oh=00_AfAhZWc8eMagk1xJMm-7SLgBH8U8j5jT7l-_ill-qOOj5w&oe=643E1BF7",,"Exact definition of an effective product is 4 shots in 2 years. And another 2 in 2023."
,,,,,"2022-11-04T10:09:31.000Z","10159224224022934","https://m.facebook.com/story.php?story_fbid=pfbid0Ba1KP2dbnFe6ggYpWejb3JzWt97RZumvEgUgZiJ1gyzspZVLu76Neo5YAC9gNUJbl&id=93889432933&sfnsn=mo&mibextid=6aamW6","ZmVlZGJhY2s6MTAxNTkyMjQyMjQwMjI5MzRfNDc2MzExODAxMTQ0NDQx","Y29tbWVudDoxMDE1OTIyNDIyNDAyMjkzNF80NzYzMTE4MDExNDQ0NDE=","30","93889432933","93889432933","pfbid02fTxFbZmdywcn6ZZXUXFjHeagKQCvdXhb1hpvPF5g1hd8nTCkU6DHYxTUZ6549BMVl","YF Leng","https://scontent-ord5-1.xx.fbcdn.net/v/t39.30808-1/248589702_4504421742926503_4493699872914762764_n.jpg?stp=cp0_dst-jpg_p32x32&_nc_cat=101&ccb=1-7&_nc_sid=7206a8&_nc_ohc=37IpINgV6XYAX8rZsx9&_nc_ht=scontent-ord5-1.xx&oh=00_AfD902LKT0_sj0Ntbq6Of_LPtkEh5XFVnfQtp4qpOTyV2Q&oe=641C350E",,"Shd G impose exactly e same for incoming travellers above 18 years old  ?  

It’s based on science right , that above 18yo needs refresher boost right to hold big big bigs events n let MICE run ard whole of SG.  ???  If incomers don’t need, why locals need ????"
,,,,,"2022-11-04T10:07:38.000Z","10159224224022934","https://m.facebook.com/story.php?story_fbid=pfbid0Ba1KP2dbnFe6ggYpWejb3JzWt97RZumvEgUgZiJ1gyzspZVLu76Neo5YAC9gNUJbl&id=93889432933&sfnsn=mo&mibextid=6aamW6","ZmVlZGJhY2s6MTAxNTkyMjQyMjQwMjI5MzRfMTE3MDA1NDYxMzg2OTE0MQ==","Y29tbWVudDoxMDE1OTIyNDIyNDAyMjkzNF8xMTcwMDU0NjEzODY5MTQx","20","93889432933","93889432933","pfbid0Pm2s6LRdtEBvMHj5kshdLeXxwkyoxtchBHHg5K3p66nvPHtBbvASisx6YBjhqMNWl","Constance Tan","https://scontent-ord5-2.xx.fbcdn.net/v/t39.30808-1/275644440_10159865570974819_407067382696585836_n.jpg?stp=c0.3.32.32a_cp0_dst-jpg_p32x32&_nc_cat=104&ccb=1-7&_nc_sid=7206a8&_nc_ohc=vzsVJwGLE6IAX8cJWoF&_nc_ht=scontent-ord5-2.xx&oh=00_AfA_gZi2ld8wnk-8NWtsfYS-iXH-zUxsa3Bug3-kcDV55w&oe=641BB7EB",,"Just stop it already, this crap should not have even started in the first place from jab 1. What are you trying to do?"
,,,,,"2022-11-04T10:05:19.000Z","10159224224022934","https://m.facebook.com/story.php?story_fbid=pfbid0Ba1KP2dbnFe6ggYpWejb3JzWt97RZumvEgUgZiJ1gyzspZVLu76Neo5YAC9gNUJbl&id=93889432933&sfnsn=mo&mibextid=6aamW6","ZmVlZGJhY2s6MTAxNTkyMjQyMjQwMjI5MzRfNzk1Njg2MTI0ODQzNTgz","Y29tbWVudDoxMDE1OTIyNDIyNDAyMjkzNF83OTU2ODYxMjQ4NDM1ODM=","18","93889432933","93889432933","pfbid026MbvMrWbXr3XNoFsxcFhCZgpEAqKxsaB1Q9Q8ygJN4zqYvTksyp4RWXwa6tQDNwMl","Jimmy Hor","https://scontent-ord5-2.xx.fbcdn.net/v/t39.30808-1/309538952_10220779405647426_7561814768405044656_n.jpg?stp=cp0_dst-jpg_p32x32&_nc_cat=103&ccb=1-7&_nc_sid=7206a8&_nc_ohc=1hDR5YzTfm4AX8oHsuk&_nc_ht=scontent-ord5-2.xx&oh=00_AfBRpKs-HxhDTWSPFSmuibfCDoocH5moYVSbnrp8jMek1w&oe=641B5C9B",,"The cost of every essential items from food to utilities to fuel are increasingly unaffordable. Yet vaccines remains free. Thank you sg gov for taking good care of us! 🤗🤗"
,,,,,"2022-11-04T10:03:27.000Z","10159224224022934","https://m.facebook.com/story.php?story_fbid=pfbid0Ba1KP2dbnFe6ggYpWejb3JzWt97RZumvEgUgZiJ1gyzspZVLu76Neo5YAC9gNUJbl&id=93889432933&sfnsn=mo&mibextid=6aamW6","ZmVlZGJhY2s6MTAxNTkyMjQyMjQwMjI5MzRfNzg2NjgzNzQyNDM4Mzg2","Y29tbWVudDoxMDE1OTIyNDIyNDAyMjkzNF83ODY2ODM3NDI0MzgzODY=","14","93889432933","93889432933","pfbid02ftrSsmrFegBCJVbji3HuEGEsu1CfctWe7DyRbWGv9gAp1j5EpdjpVkfogbvbZEUGl","William Poh","https://scontent-ord5-1.xx.fbcdn.net/v/t1.6435-1/141747694_10218679754126275_3426407206570601504_n.jpg?stp=cp0_dst-jpg_p32x32&_nc_cat=106&ccb=1-7&_nc_sid=7206a8&_nc_ohc=vFQ0NfbMhFEAX_K1GxC&_nc_ht=scontent-ord5-1.xx&oh=00_AfBv_QiH9-LQAj7c49suvKOM3d93FSpgjYoyZh1MEc-J3w&oe=643E3FD0","https://www.facebook.com/william.poh1","I won't take bivalent vaccines."
,,,,,"2022-11-04T10:02:59.000Z","10159224224022934","https://m.facebook.com/story.php?story_fbid=pfbid0Ba1KP2dbnFe6ggYpWejb3JzWt97RZumvEgUgZiJ1gyzspZVLu76Neo5YAC9gNUJbl&id=93889432933&sfnsn=mo&mibextid=6aamW6","ZmVlZGJhY2s6MTAxNTkyMjQyMjQwMjI5MzRfMTU3NzAyNjYwMjc1MDIxNw==","Y29tbWVudDoxMDE1OTIyNDIyNDAyMjkzNF8xNTc3MDI2NjAyNzUwMjE3","14","93889432933","93889432933","pfbid02L6qTQ6SGnnZhk3ENofnPKUTTgKde3Gy5dD1gey4LRF3kqS4nq1Ms2xfhvfcMgAJVl","Cynthia Tan Kloth","https://scontent-ord5-2.xx.fbcdn.net/v/t39.30808-1/289599347_10159726459143567_8930162938584299034_n.jpg?stp=cp0_dst-jpg_p32x32&_nc_cat=105&ccb=1-7&_nc_sid=7206a8&_nc_ohc=7XIBps0CLKAAX9Z9dcl&_nc_ht=scontent-ord5-2.xx&oh=00_AfCOgIDRn_n17SaPZgPZlM_NIB0cudzXLHh9vq89V3hESQ&oe=641C95B5",,"Do not take!!!!!"
,,,,,"2022-11-04T10:02:28.000Z","10159224224022934","https://m.facebook.com/story.php?story_fbid=pfbid0Ba1KP2dbnFe6ggYpWejb3JzWt97RZumvEgUgZiJ1gyzspZVLu76Neo5YAC9gNUJbl&id=93889432933&sfnsn=mo&mibextid=6aamW6","ZmVlZGJhY2s6MTAxNTkyMjQyMjQwMjI5MzRfNDY5ODAyNzIxOTE2MjQx","Y29tbWVudDoxMDE1OTIyNDIyNDAyMjkzNF80Njk4MDI3MjE5MTYyNDE=","46","93889432933","93889432933","pfbid05ZdGEX2YHFPoWa7gawHDEBu3qAjMguMh38rpGh4uDarZKVmWrhfvZG8gvgxJvQetl","Habi Nagutha","https://scontent-ord5-2.xx.fbcdn.net/v/t39.30808-1/282110156_1613991652333963_6053848763950538091_n.jpg?stp=cp0_dst-jpg_p32x32&_nc_cat=104&ccb=1-7&_nc_sid=7206a8&_nc_ohc=1ITH8SIT9S0AX-GrXu2&_nc_ht=scontent-ord5-2.xx&oh=00_AfD-t0cCPskbc-2hqG2bl0toqWlO4bW0Mxu0p3rAzefdAg&oe=641BE976","https://www.facebook.com/people/Habi-Nagutha/pfbid05ZdGEX2YHFPoWa7gawHDEBu3qAjMguMh38rpGh4uDarZKVmWrhfvZG8gvgxJvQetl/","Other countries seem to have stopped or stayed back on vaccinations why are we so strongly pushed to have them"
,,,,,"2022-11-04T09:59:48.000Z","10159224224022934","https://m.facebook.com/story.php?story_fbid=pfbid0Ba1KP2dbnFe6ggYpWejb3JzWt97RZumvEgUgZiJ1gyzspZVLu76Neo5YAC9gNUJbl&id=93889432933&sfnsn=mo&mibextid=6aamW6","ZmVlZGJhY2s6MTAxNTkyMjQyMjQwMjI5MzRfMTQ1NjAxNDIxMTU4NzIyNg==","Y29tbWVudDoxMDE1OTIyNDIyNDAyMjkzNF8xNDU2MDE0MjExNTg3MjI2","32","93889432933","93889432933","pfbid053vPYdNwbxd97Tqm6sphu31Mb6nwrXxVrqc4ZAyRFMJ2c4HaYrmqGeh6sH5eaKArl","Wendy Kong","https://scontent-ord5-1.xx.fbcdn.net/v/t39.30808-1/274794564_10159472563668580_891525278801238935_n.jpg?stp=cp0_dst-jpg_p32x32&_nc_cat=109&ccb=1-7&_nc_sid=7206a8&_nc_ohc=GUd9_UfR5uEAX9jNIDH&_nc_ht=scontent-ord5-1.xx&oh=00_AfAiTA66DwG0KbE8fEbpuxMh1heIBCiCdIqyHIiDw7c8aw&oe=641B0550",,"I think the the original message of 'Take the vaccine to protect others or take the vaccine because you are socially responsible' is still stuck in many people's heads.

The vaccine is no longer protective so you are not protecting others if you take it.

If you take the vaccine, it's just to reduce symptoms. It's just like taking anti-histamines to reduce inflammation or cough mixture to relieve cough.

But please don't forget that it is still an experimental vaccine. You will be the guinea pig for the pharmaceuticals to test this new combination. And you will bear the risks of any side effects. Not the doctors and definitely not MTF."
,,,,,"2022-11-04T09:57:58.000Z","10159224224022934","https://m.facebook.com/story.php?story_fbid=pfbid0Ba1KP2dbnFe6ggYpWejb3JzWt97RZumvEgUgZiJ1gyzspZVLu76Neo5YAC9gNUJbl&id=93889432933&sfnsn=mo&mibextid=6aamW6","ZmVlZGJhY2s6MTAxNTkyMjQyMjQwMjI5MzRfNjA1MDc4NzQyMTY2OTk4Nw==","Y29tbWVudDoxMDE1OTIyNDIyNDAyMjkzNF82MDUwNzg3NDIxNjY5OTg3","12","93889432933","93889432933","pfbid0EAPWwLYMz3mnbnW6hxVVmTzHUJXhrs9AC2xyjxcUmAUtFCLyefyrUXi53U3m6P9Zl","Aaron Yong","https://scontent-ord5-1.xx.fbcdn.net/v/t1.18169-1/11987050_10203956014334394_6535862928486583048_n.jpg?stp=cp0_dst-jpg_p32x32&_nc_cat=111&ccb=1-7&_nc_sid=7206a8&_nc_ohc=E2zsPGxfLkAAX-1J83Z&_nc_ht=scontent-ord5-1.xx&oh=00_AfB48Qb5VMYdCvyt2pOdUbW3iUUjjeIcKfByzcPLDxW4BQ&oe=643E4864","https://www.facebook.com/aaronyongz","Wasting Taxpayer money again"
,,,,,"2022-11-04T09:56:32.000Z","10159224224022934","https://m.facebook.com/story.php?story_fbid=pfbid0Ba1KP2dbnFe6ggYpWejb3JzWt97RZumvEgUgZiJ1gyzspZVLu76Neo5YAC9gNUJbl&id=93889432933&sfnsn=mo&mibextid=6aamW6","ZmVlZGJhY2s6MTAxNTkyMjQyMjQwMjI5MzRfNDM4NzUxNzA4NDExNTAw","Y29tbWVudDoxMDE1OTIyNDIyNDAyMjkzNF80Mzg3NTE3MDg0MTE1MDA=","3","93889432933","93889432933","pfbid02kxjk19qmtrw5JJjMqtfC5hTF7HJzrEmEKhaPY8RG4DuTjyR9Kx6qmxB1BfTUJguil","Kanees Baba","https://scontent-ord5-2.xx.fbcdn.net/v/t1.6435-1/117291318_10158875410568648_6653543288194102446_n.jpg?stp=cp0_dst-jpg_p32x32&_nc_cat=102&ccb=1-7&_nc_sid=7206a8&_nc_ohc=qqvF-114ze4AX93ZQpB&_nc_ht=scontent-ord5-2.xx&oh=00_AfDPYhijqx-6LaFTt2gzx5UJ6ixIHdyxM-le7vjG_HA5RA&oe=643E2788","https://www.facebook.com/kanees.baba","Waiting for trivalent..."
,,,,,"2022-11-04T09:53:00.000Z","10159224224022934","https://m.facebook.com/story.php?story_fbid=pfbid0Ba1KP2dbnFe6ggYpWejb3JzWt97RZumvEgUgZiJ1gyzspZVLu76Neo5YAC9gNUJbl&id=93889432933&sfnsn=mo&mibextid=6aamW6","ZmVlZGJhY2s6MTAxNTkyMjQyMjQwMjI5MzRfODIzNjM2MTUyMjExNDQx","Y29tbWVudDoxMDE1OTIyNDIyNDAyMjkzNF84MjM2MzYxNTIyMTE0NDE=","13","93889432933","93889432933","pfbid06aAQrPCqjD8ti8qR3mwo3jPWGdZ5yNpjKRiuMzuu5CuFnEzYj3b5mxzDQdcj1Bs4l","Chin Hua Yak","https://scontent-ord5-2.xx.fbcdn.net/v/t31.18172-1/1973845_10202689257285634_522959523_o.jpg?stp=c4.0.32.32a_cp0_dst-jpg_p32x32&_nc_cat=100&ccb=1-7&_nc_sid=7206a8&_nc_ohc=nUHnr5YDHJ0AX8ziR_A&_nc_ht=scontent-ord5-2.xx&oh=00_AfA9siGoowf42lxKt8OBtXPZGGziPeGM02aws0qVKyehFQ&oe=643E1E49","https://www.facebook.com/yak.hua","MOH believes in History of Stupidity working its way ... This is likely to be linked?"
,,,,,"2022-11-04T09:51:55.000Z","10159224224022934","https://m.facebook.com/story.php?story_fbid=pfbid0Ba1KP2dbnFe6ggYpWejb3JzWt97RZumvEgUgZiJ1gyzspZVLu76Neo5YAC9gNUJbl&id=93889432933&sfnsn=mo&mibextid=6aamW6","ZmVlZGJhY2s6MTAxNTkyMjQyMjQwMjI5MzRfNTYxODU4MzYyMzcyMjIz","Y29tbWVudDoxMDE1OTIyNDIyNDAyMjkzNF81NjE4NTgzNjIzNzIyMjM=","10","93889432933","93889432933","pfbid02PS2dacZb5Uxs3xFGzSPeu8jFzFeLZqvhScYXvts77GxG7HsoPx31KYr4xXoreggVl","Ow Michael","https://scontent-ord5-1.xx.fbcdn.net/v/t1.6435-1/114119489_597801144267324_2454982382178336115_n.jpg?stp=cp0_dst-jpg_p32x32&_nc_cat=101&ccb=1-7&_nc_sid=7206a8&_nc_ohc=dssYdgVQcuIAX_9-9KY&_nc_ht=scontent-ord5-1.xx&oh=00_AfCVf3iMyFl_R2ga5GmplmtIHpNgD9X6ltZcuJOcjM5TWQ&oe=643E3571","https://www.facebook.com/ow.michael.31","Get yourself boostered into the 6 pieces of plywood then into the incinerator. 
Say goodbye to your love ones and this world."
"share","fallback",,,,"2022-11-04T09:51:47.000Z","10159224224022934","https://m.facebook.com/story.php?story_fbid=pfbid0Ba1KP2dbnFe6ggYpWejb3JzWt97RZumvEgUgZiJ1gyzspZVLu76Neo5YAC9gNUJbl&id=93889432933&sfnsn=mo&mibextid=6aamW6","ZmVlZGJhY2s6MTAxNTkyMjQyMjQwMjI5MzRfNTM3NDkwNzI0ODc2ODU1","Y29tbWVudDoxMDE1OTIyNDIyNDAyMjkzNF81Mzc0OTA3MjQ4NzY4NTU=","18","93889432933","93889432933","pfbid02bLM2HgF1JQFmFA1AQ1e1qVNitrz9BZ5NG5RWAdazbepnCLDhcknUmijvyfRTUHxzl","Michael Lee","https://scontent-ord5-1.xx.fbcdn.net/v/t1.6435-1/131444053_10157889226445765_3269546617851070488_n.jpg?stp=cp0_dst-jpg_p32x32&_nc_cat=109&ccb=1-7&_nc_sid=7206a8&_nc_ohc=H1n3OPBarHMAX93jnV8&_nc_ht=scontent-ord5-1.xx&oh=00_AfAQC10RC7WSmWfRNLfhxCwNHrPyKblHsbFOEdgkIuhWaA&oe=643E3790",,"https://www.theepochtimes.com/risk-of-heart-inflammation-in-children-elevated-after-receipt-of-pfizers-covid-19-vaccine-study_4833782.html"
,,,,,"2022-11-04T09:50:07.000Z","10159224224022934","https://m.facebook.com/story.php?story_fbid=pfbid0Ba1KP2dbnFe6ggYpWejb3JzWt97RZumvEgUgZiJ1gyzspZVLu76Neo5YAC9gNUJbl&id=93889432933&sfnsn=mo&mibextid=6aamW6","ZmVlZGJhY2s6MTAxNTkyMjQyMjQwMjI5MzRfNTc1NDcwNTQxMDA0Njc2","Y29tbWVudDoxMDE1OTIyNDIyNDAyMjkzNF81NzU0NzA1NDEwMDQ2NzY=","3","93889432933","93889432933","pfbid02DsZzWuQuaqCxGns7kT3T4TKxHpdM5P2YU3ZqJiBsUvrt9YbcemKNRo5bGbRfujqCl","Sunny Lee","https://scontent-ord5-2.xx.fbcdn.net/v/t1.30497-1/143086968_2856368904622192_1959732218791162458_n.png?stp=cp0_dst-png_p32x32&_nc_cat=1&ccb=1-7&_nc_sid=7206a8&_nc_ohc=x3PhOYWAf78AX-MXNCf&_nc_ht=scontent-ord5-2.xx&oh=00_AfCuvd1NLsz5UhMJ4KUjANfX74oEn7Re4pdcRrWiF4rWwg&oe=643E3EF8","https://www.facebook.com/people/Sunny-Lee/pfbid02DsZzWuQuaqCxGns7kT3T4TKxHpdM5P2YU3ZqJiBsUvrt9YbcemKNRo5bGbRfujqCl/","New shots are here and anti vax are here"
,,,,,"2022-11-04T09:44:23.000Z","10159224224022934","https://m.facebook.com/story.php?story_fbid=pfbid0Ba1KP2dbnFe6ggYpWejb3JzWt97RZumvEgUgZiJ1gyzspZVLu76Neo5YAC9gNUJbl&id=93889432933&sfnsn=mo&mibextid=6aamW6","ZmVlZGJhY2s6MTAxNTkyMjQyMjQwMjI5MzRfMTYwNjk5ODg3OTcyMTEzNA==","Y29tbWVudDoxMDE1OTIyNDIyNDAyMjkzNF8xNjA2OTk4ODc5NzIxMTM0","0","93889432933","93889432933","pfbid0vsWbjnGhVnqnhrV1maLaLsPoctzYauFBoTq89Sy4ShRw9PpQEfCPnuhaG7tFYFLyl","Andrew Ang K C","https://scontent-ord5-2.xx.fbcdn.net/v/t31.18172-1/11059433_10205695179970606_2008638497630981790_o.jpg?stp=cp0_dst-jpg_p32x32&_nc_cat=110&ccb=1-7&_nc_sid=7206a8&_nc_ohc=GO4EwXoJGuAAX-iwKin&_nc_ht=scontent-ord5-2.xx&oh=00_AfD9PdhTjUv6l12T4HW69oQOUTx6I2PfQaqEXOfpO__bhg&oe=643E3BE5",,"🤦🏻‍♂️🤦🏻‍♂️🤦🏻‍♂️"
,,,,,"2022-11-04T09:44:17.000Z","10159224224022934","https://m.facebook.com/story.php?story_fbid=pfbid0Ba1KP2dbnFe6ggYpWejb3JzWt97RZumvEgUgZiJ1gyzspZVLu76Neo5YAC9gNUJbl&id=93889432933&sfnsn=mo&mibextid=6aamW6","ZmVlZGJhY2s6MTAxNTkyMjQyMjQwMjI5MzRfODAwNjI5NDk0MzQwNzUw","Y29tbWVudDoxMDE1OTIyNDIyNDAyMjkzNF84MDA2Mjk0OTQzNDA3NTA=","0","93889432933","93889432933","pfbid02hGgiGgvQT4EafnXsKkD2XsjZaTcfDvWD7oWHD8Fw6eqLEMkd5zK75xgPZm7HL2ugl","Reuben Roy Eng","https://scontent-ord5-2.xx.fbcdn.net/v/t39.30808-1/298365050_10159204406789426_6616551287700166743_n.jpg?stp=cp0_dst-jpg_p32x32&_nc_cat=100&ccb=1-7&_nc_sid=7206a8&_nc_ohc=VbAnG03cXtUAX8dkkbV&_nc_ht=scontent-ord5-2.xx&oh=00_AfBhwGKc8IVjI6sBJr23rbvsr7ZQnO6qhToQmM6EwdIGvw&oe=641C88B4",,"Joanna Chua"
,,,,,"2022-11-04T09:43:43.000Z","10159224224022934","https://m.facebook.com/story.php?story_fbid=pfbid0Ba1KP2dbnFe6ggYpWejb3JzWt97RZumvEgUgZiJ1gyzspZVLu76Neo5YAC9gNUJbl&id=93889432933&sfnsn=mo&mibextid=6aamW6","ZmVlZGJhY2s6MTAxNTkyMjQyMjQwMjI5MzRfMTE2MDc5NjQ4Nzk3NDcyNg==","Y29tbWVudDoxMDE1OTIyNDIyNDAyMjkzNF8xMTYwNzk2NDg3OTc0NzI2","1","93889432933","93889432933","pfbid02MSvRYEiEQxDGSpPK7zBGi4bEdHZu1pSkMWBXaN6iMd2uQXDEk7k7xVVa4fuCeCYCl","Juni Ang Lena","https://scontent-ord5-2.xx.fbcdn.net/v/t39.30808-1/312385169_110869305157568_8632393449195462462_n.jpg?stp=cp0_dst-jpg_p32x32&_nc_cat=104&ccb=1-7&_nc_sid=7206a8&_nc_ohc=FtT_qPt2r04AX9lU6Yz&_nc_ht=scontent-ord5-2.xx&oh=00_AfBQFmvQ-V49zSC2g95767ge6uovdctofl01Vdv-IZnxyA&oe=641BED6D","https://www.facebook.com/people/Juni-Ang-Lena/pfbid02MSvRYEiEQxDGSpPK7zBGi4bEdHZu1pSkMWBXaN6iMd2uQXDEk7k7xVVa4fuCeCYCl/","Can't wait for the jab to go in⚰️"
"share","fallback",,,,"2022-11-04T09:42:53.000Z","10159224224022934","https://m.facebook.com/story.php?story_fbid=pfbid0Ba1KP2dbnFe6ggYpWejb3JzWt97RZumvEgUgZiJ1gyzspZVLu76Neo5YAC9gNUJbl&id=93889432933&sfnsn=mo&mibextid=6aamW6","ZmVlZGJhY2s6MTAxNTkyMjQyMjQwMjI5MzRfNDk1NDgwOTMyNjMzODA1","Y29tbWVudDoxMDE1OTIyNDIyNDAyMjkzNF80OTU0ODA5MzI2MzM4MDU=","1","93889432933","93889432933","pfbid0Af9bYAynHgXKkcceXND46NP7GLKCBc89K5x34jgriwnUC2pu33nFp4Jv7nX6T5rel","Chyna Aldora","https://scontent-ord5-2.xx.fbcdn.net/v/t39.30808-1/329391312_586026769714424_3631814156200758219_n.jpg?stp=cp0_dst-jpg_p32x32&_nc_cat=102&ccb=1-7&_nc_sid=7206a8&_nc_ohc=qXbumiXPsK8AX9lpcbA&_nc_ht=scontent-ord5-2.xx&oh=00_AfCucZyJoFLgnwGQ8RkjmGEaZ1Kll4OU823WUYc-0dsomg&oe=641AFD69",,"Listen to Dr Paul Offit. 🐁 data https://twitter.com/ClareCraigPath/status/1572975200895127552?t=IK7AajAz-eiJ_-hPCc2jhg&s=19"
,,,,,"2022-11-04T09:41:23.000Z","10159224224022934","https://m.facebook.com/story.php?story_fbid=pfbid0Ba1KP2dbnFe6ggYpWejb3JzWt97RZumvEgUgZiJ1gyzspZVLu76Neo5YAC9gNUJbl&id=93889432933&sfnsn=mo&mibextid=6aamW6","ZmVlZGJhY2s6MTAxNTkyMjQyMjQwMjI5MzRfMTIxMjk0MjY3OTU2NTAyMw==","Y29tbWVudDoxMDE1OTIyNDIyNDAyMjkzNF8xMjEyOTQyNjc5NTY1MDIz","13","93889432933","93889432933","pfbid02AoZF7KZAWAEBB2RW3L6Q8nxnvzTZ6wunNEXimi6PCWKhAxQEZM9KEpiXPjWcgweDl","Ed Tan","https://scontent-ord5-2.xx.fbcdn.net/v/t39.30808-1/231680752_10161482319044546_2222644383799331062_n.jpg?stp=cp0_dst-jpg_p32x32&_nc_cat=107&ccb=1-7&_nc_sid=7206a8&_nc_ohc=ZJ5Eo44DONQAX-n1oqE&_nc_ht=scontent-ord5-2.xx&oh=00_AfDaqin83Xxx5UrbMaoHuDUU9m0iZNFoyG8GEXvQCrspSg&oe=641B4F37",,"Wow still talking about vaccinations.
still not moving on from here.."
,,,,,"2022-11-04T09:39:14.000Z","10159224224022934","https://m.facebook.com/story.php?story_fbid=pfbid0Ba1KP2dbnFe6ggYpWejb3JzWt97RZumvEgUgZiJ1gyzspZVLu76Neo5YAC9gNUJbl&id=93889432933&sfnsn=mo&mibextid=6aamW6","ZmVlZGJhY2s6MTAxNTkyMjQyMjQwMjI5MzRfNTI0MDA3MTA1OTEyNzc0","Y29tbWVudDoxMDE1OTIyNDIyNDAyMjkzNF81MjQwMDcxMDU5MTI3NzQ=","0","93889432933","93889432933","pfbid02b7nchc62Ns2awRUPAUHaj7QWs8URepudSWePrYXawkyVeqtBemSy9tdkCMF5f1WLl","Wilson Wang Acculink","https://scontent-ord5-2.xx.fbcdn.net/v/t1.6435-1/69987977_10156961024503995_6653287199183732736_n.jpg?stp=c0.4.32.32a_cp0_dst-jpg_p32x32&_nc_cat=100&ccb=1-7&_nc_sid=7206a8&_nc_ohc=oKydedxFeAMAX-qB7iy&_nc_ht=scontent-ord5-2.xx&oh=00_AfDvZDwgk9p1-e4HDMMyt25djLQ04rlBig51GCQLEIkPTg&oe=643E4A1E","https://www.facebook.com/wilson.w.wei.7","Lol"
,,,,,"2022-11-04T09:38:12.000Z","10159224224022934","https://m.facebook.com/story.php?story_fbid=pfbid0Ba1KP2dbnFe6ggYpWejb3JzWt97RZumvEgUgZiJ1gyzspZVLu76Neo5YAC9gNUJbl&id=93889432933&sfnsn=mo&mibextid=6aamW6","ZmVlZGJhY2s6MTAxNTkyMjQyMjQwMjI5MzRfNzAzMDEwNTcxMjM5NTk2","Y29tbWVudDoxMDE1OTIyNDIyNDAyMjkzNF83MDMwMTA1NzEyMzk1OTY=","9","93889432933","93889432933","571524067","志伟志伟曾","https://scontent-ord5-2.xx.fbcdn.net/v/t39.30808-1/301214725_10160563258084068_4753060704974422921_n.jpg?stp=cp0_dst-jpg_p32x32&_nc_cat=102&ccb=1-7&_nc_sid=f67be1&_nc_ohc=AZdob8HcLoQAX-4_2Eq&_nc_ht=scontent-ord5-2.xx&oh=00_AfAU5KQukC_jPG23d1IR67sk3Fm4o079Lbt6nXQi-zDgrQ&oe=641C0048",,"If u people did not vote for the useless PAP Government we will not have so many vaccine at first, blame u people for it 😡😡😡😡"
,,,,,"2022-11-04T09:37:36.000Z","10159224224022934","https://m.facebook.com/story.php?story_fbid=pfbid0Ba1KP2dbnFe6ggYpWejb3JzWt97RZumvEgUgZiJ1gyzspZVLu76Neo5YAC9gNUJbl&id=93889432933&sfnsn=mo&mibextid=6aamW6","ZmVlZGJhY2s6MTAxNTkyMjQyMjQwMjI5MzRfNTkxMDIxNDEwODk4OTM4OA==","Y29tbWVudDoxMDE1OTIyNDIyNDAyMjkzNF81OTEwMjE0MTA4OTg5Mzg4","21","93889432933","93889432933","571524067","志伟志伟曾","https://scontent-ord5-2.xx.fbcdn.net/v/t39.30808-1/301214725_10160563258084068_4753060704974422921_n.jpg?stp=cp0_dst-jpg_p32x32&_nc_cat=102&ccb=1-7&_nc_sid=f67be1&_nc_ohc=AZdob8HcLoQAX-4_2Eq&_nc_ht=scontent-ord5-2.xx&oh=00_AfAU5KQukC_jPG23d1IR67sk3Fm4o079Lbt6nXQi-zDgrQ&oe=641C0048",,"Who ask u people anyhow vote for them at the first place right?"
"animated_image_autoplay","animated_image_share","image_share","share","fallback","2022-11-04T09:35:03.000Z","10159224224022934","https://m.facebook.com/story.php?story_fbid=pfbid0Ba1KP2dbnFe6ggYpWejb3JzWt97RZumvEgUgZiJ1gyzspZVLu76Neo5YAC9gNUJbl&id=93889432933&sfnsn=mo&mibextid=6aamW6","ZmVlZGJhY2s6MTAxNTkyMjQyMjQwMjI5MzRfMjcwOTAxMDMwNTg5NTU5NA==","Y29tbWVudDoxMDE1OTIyNDIyNDAyMjkzNF8yNzA5MDEwMzA1ODk1NTk0","4","93889432933","93889432933","pfbid02jxRHavp89MQy9DJrTDrcF3NzRKhyxfGb7GzoEgdrR27ayFBe19R7AeV8x8ynqY2El","Ng Bee Peng","https://scontent-ord5-2.xx.fbcdn.net/v/t39.30808-1/331994011_605896544710705_2929827415227092267_n.jpg?stp=cp0_dst-jpg_p32x32&_nc_cat=110&ccb=1-7&_nc_sid=7206a8&_nc_ohc=Mizy4fIxJfUAX8Kdf7V&_nc_ht=scontent-ord5-2.xx&oh=00_AfAn9j9YUn0cdiyx6mIJs0r3E8mvzN5G7eOVWyaPMAQfXA&oe=641CA041",,
,,,,,"2022-11-04T09:33:27.000Z","10159224224022934","https://m.facebook.com/story.php?story_fbid=pfbid0Ba1KP2dbnFe6ggYpWejb3JzWt97RZumvEgUgZiJ1gyzspZVLu76Neo5YAC9gNUJbl&id=93889432933&sfnsn=mo&mibextid=6aamW6","ZmVlZGJhY2s6MTAxNTkyMjQyMjQwMjI5MzRfNDQzMzcxMTcxMjM4NTc4","Y29tbWVudDoxMDE1OTIyNDIyNDAyMjkzNF80NDMzNzExNzEyMzg1Nzg=","5","93889432933","93889432933","pfbid02uJ6prvfB285WLDypAUa6XKzFQ6N43marywLUBGoK6vHN5jr9yE7Eoesw4oPz1S7hl","Joseph Chong","https://scontent-ord5-1.xx.fbcdn.net/v/t1.6435-1/160900684_2517402755061764_5329762983587588632_n.jpg?stp=cp0_dst-jpg_p32x32&_nc_cat=111&ccb=1-7&_nc_sid=7206a8&_nc_ohc=pphXj6E-zj8AX-pe5gA&_nc_ht=scontent-ord5-1.xx&oh=00_AfCpxsnyWNp9kd7tt6VyN40WLxHkpGY8VXhhq_Gmk7jo5g&oe=643E418E",,"Aspiring guinea pigs, step right up!"
,,,,,"2022-11-04T09:32:28.000Z","10159224224022934","https://m.facebook.com/story.php?story_fbid=pfbid0Ba1KP2dbnFe6ggYpWejb3JzWt97RZumvEgUgZiJ1gyzspZVLu76Neo5YAC9gNUJbl&id=93889432933&sfnsn=mo&mibextid=6aamW6","ZmVlZGJhY2s6MTAxNTkyMjQyMjQwMjI5MzRfMTQ1MDYwMjEyNTQyNDU1Mw==","Y29tbWVudDoxMDE1OTIyNDIyNDAyMjkzNF8xNDUwNjAyMTI1NDI0NTUz","8","93889432933","93889432933","pfbid02AGKh4bLipyD1qLL3Qe1MWFTt7axqqrQkU1fVMRNxfxbWu5qY94WhLtVLjWy7rMEfl","Brajesh Kumar","https://scontent-ord5-1.xx.fbcdn.net/v/t39.30808-1/240274938_100882902332589_611399749377862556_n.jpg?stp=cp0_dst-jpg_p32x32&_nc_cat=106&ccb=1-7&_nc_sid=7206a8&_nc_ohc=OMPh-ARM9bUAX81mh02&_nc_ht=scontent-ord5-1.xx&oh=00_AfDoCTcCvO-FwCI6qejp1cC_M248in1F1maUgRhJfWmccg&oe=641B87DF","https://www.facebook.com/people/Brajesh-Kumar/pfbid02AGKh4bLipyD1qLL3Qe1MWFTt7axqqrQkU1fVMRNxfxbWu5qY94WhLtVLjWy7rMEfl/","The scientific and the political CABALS the slaves of WHO Pfizer and Moderna selling their bullshits to their blind sheeples to get screwed happily and remain their slaves for generations. Are the completely unvaccinated have died or what? Why the scientific and the political CABALS hiding this in their reporting?"
,,,,,"2022-11-04T09:31:13.000Z","10159224224022934","https://m.facebook.com/story.php?story_fbid=pfbid0Ba1KP2dbnFe6ggYpWejb3JzWt97RZumvEgUgZiJ1gyzspZVLu76Neo5YAC9gNUJbl&id=93889432933&sfnsn=mo&mibextid=6aamW6","ZmVlZGJhY2s6MTAxNTkyMjQyMjQwMjI5MzRfODUyMTcyNDE1Nzk5NjQw","Y29tbWVudDoxMDE1OTIyNDIyNDAyMjkzNF84NTIxNzI0MTU3OTk2NDA=","29","93889432933","93889432933","pfbid02ckFfPgHyaVKMYJKmjzCs4ZLjAtR6g7f5dkYAzgTgdLXry5BWN8ViNT4FweK8LXESl","Elton Quay","https://scontent-ord5-2.xx.fbcdn.net/v/t1.6435-1/130301478_10223273944258318_2034487950957089651_n.jpg?stp=cp0_dst-jpg_p32x32&_nc_cat=104&ccb=1-7&_nc_sid=7206a8&_nc_ohc=fHQEZ6d6NM8AX9TDkl8&_nc_ht=scontent-ord5-2.xx&oh=00_AfCRPX3CT_uj5hYynoQgSLPLESjYoSIYcztGCJNAo9G81w&oe=643E4DCE","https://www.facebook.com/elton.quay.9","Did all the minister take all this ?"
,,,,,"2022-11-04T09:30:35.000Z","10159224224022934","https://m.facebook.com/story.php?story_fbid=pfbid0Ba1KP2dbnFe6ggYpWejb3JzWt97RZumvEgUgZiJ1gyzspZVLu76Neo5YAC9gNUJbl&id=93889432933&sfnsn=mo&mibextid=6aamW6","ZmVlZGJhY2s6MTAxNTkyMjQyMjQwMjI5MzRfNTE5MTQ0NTQ5NzkzNjM5","Y29tbWVudDoxMDE1OTIyNDIyNDAyMjkzNF81MTkxNDQ1NDk3OTM2Mzk=","7","93889432933","93889432933","pfbid01NCPQ1MznQWJRfXyA1vDffvmFgYn4nEvAFRCLvmpFK1unmCzg2gBiPLJUr2HXrdjl","Kelly Zen","https://scontent-ord5-2.xx.fbcdn.net/v/t39.30808-1/335290784_179055968216561_2222339349912053777_n.jpg?stp=c0.1.32.32a_cp0_dst-jpg_p32x32&_nc_cat=102&ccb=1-7&_nc_sid=7206a8&_nc_ohc=7Qv9vwEZmBsAX98YrbX&_nc_ht=scontent-ord5-2.xx&oh=00_AfCwIbJ68v9vR1pKGeEaJkeG5Sk9SiXgtCFCh9IYdXIggg&oe=641AE0B1","https://www.facebook.com/kelly.zen.50","shot ur head la"
"animated_image_share","image_share","share","fallback",,"2022-11-04T09:28:05.000Z","10159224224022934","https://m.facebook.com/story.php?story_fbid=pfbid0Ba1KP2dbnFe6ggYpWejb3JzWt97RZumvEgUgZiJ1gyzspZVLu76Neo5YAC9gNUJbl&id=93889432933&sfnsn=mo&mibextid=6aamW6","ZmVlZGJhY2s6MTAxNTkyMjQyMjQwMjI5MzRfNjQ0OTk2NjQwNTgzNTgy","Y29tbWVudDoxMDE1OTIyNDIyNDAyMjkzNF82NDQ5OTY2NDA1ODM1ODI=","0","93889432933","93889432933","pfbid02KE45q68AwUo1kyWfq5E874oZQ8oTij71QsLgoRC7oPrsMZbsSU6jjZirJWMQAGM9l","Jess Jess","https://scontent-ord5-1.xx.fbcdn.net/v/t1.6435-1/175424403_110291934528528_5860151931939572723_n.jpg?stp=cp0_dst-jpg_p32x32&_nc_cat=106&ccb=1-7&_nc_sid=7206a8&_nc_ohc=LihEZZSQejAAX-6s8SH&_nc_ht=scontent-ord5-1.xx&oh=00_AfBXG1BkIDzpHgQuh4HIgoc7wDeMEjxgBS-LGlfh1XNq-Q&oe=643E5224","https://www.facebook.com/people/Jess-Jess/pfbid02KE45q68AwUo1kyWfq5E874oZQ8oTij71QsLgoRC7oPrsMZbsSU6jjZirJWMQAGM9l/","YES!"
,,,,,"2022-11-04T09:24:49.000Z","10159224224022934","https://m.facebook.com/story.php?story_fbid=pfbid0Ba1KP2dbnFe6ggYpWejb3JzWt97RZumvEgUgZiJ1gyzspZVLu76Neo5YAC9gNUJbl&id=93889432933&sfnsn=mo&mibextid=6aamW6","ZmVlZGJhY2s6MTAxNTkyMjQyMjQwMjI5MzRfMTE3NjI0NjI0Mjk2MDUzMw==","Y29tbWVudDoxMDE1OTIyNDIyNDAyMjkzNF8xMTc2MjQ2MjQyOTYwNTMz","11","93889432933","93889432933","pfbid02nCAJMhSP3ng3mkPdJp5n5DEUsSSrEw1pSX53a1g6DHy7T2CfHG2GxouhbLW3pLs4l","John Jani Janadan Tararapampampampam","https://scontent-ord5-1.xx.fbcdn.net/v/t39.30808-1/298219790_759696828643471_7135096776162177033_n.jpg?stp=cp0_dst-jpg_p32x32&_nc_cat=108&ccb=1-7&_nc_sid=7206a8&_nc_ohc=rw2oKX5_aCYAX_mtKTV&_nc_ht=scontent-ord5-1.xx&oh=00_AfChoS9d8HDTYcYfR68FNioZiITs3126r11HPTVmQOJLXg&oe=641B31B5","https://www.facebook.com/bapakberuang.bapakberuang","Nvm.. Its OK..3rd dose enough already for me.. My body cannot tahan anymore wif vaccine.."
,,,,,"2022-11-04T09:24:30.000Z","10159224224022934","https://m.facebook.com/story.php?story_fbid=pfbid0Ba1KP2dbnFe6ggYpWejb3JzWt97RZumvEgUgZiJ1gyzspZVLu76Neo5YAC9gNUJbl&id=93889432933&sfnsn=mo&mibextid=6aamW6","ZmVlZGJhY2s6MTAxNTkyMjQyMjQwMjI5MzRfMTE5NjM2MjU2MDkxNDU0OQ==","Y29tbWVudDoxMDE1OTIyNDIyNDAyMjkzNF8xMTk2MzYyNTYwOTE0NTQ5","15","93889432933","93889432933","pfbid0obddxsjKCgnJgtqc28Pns9AXorwQgVZGRNeC5Q7ETaSNUXqu5qPzExmWc7NLXYD6l","Lk Highland","https://scontent-ord5-2.xx.fbcdn.net/v/t39.30808-1/286379825_134563982550254_3187737454697868449_n.jpg?stp=cp0_dst-jpg_p32x32&_nc_cat=102&ccb=1-7&_nc_sid=7206a8&_nc_ohc=5krraZsXMWQAX9n3k9h&_nc_ht=scontent-ord5-2.xx&oh=00_AfDsuN-iAAdbG20sIr_U-UB0T8CuoFyF2_p-SgcEbyqk5A&oe=641CA65E","https://www.facebook.com/people/Lk-Highland/pfbid0obddxsjKCgnJgtqc28Pns9AXorwQgVZGRNeC5Q7ETaSNUXqu5qPzExmWc7NLXYD6l/","Everyday promoting Vaccine 🥱🥱🥱🥱🥱🥱🥱🥱🥱🥱"
,,,,,"2022-11-04T09:22:00.000Z","10159224224022934","https://m.facebook.com/story.php?story_fbid=pfbid0Ba1KP2dbnFe6ggYpWejb3JzWt97RZumvEgUgZiJ1gyzspZVLu76Neo5YAC9gNUJbl&id=93889432933&sfnsn=mo&mibextid=6aamW6","ZmVlZGJhY2s6MTAxNTkyMjQyMjQwMjI5MzRfNDc1MTQzNDMxMjU4MDcy","Y29tbWVudDoxMDE1OTIyNDIyNDAyMjkzNF80NzUxNDM0MzEyNTgwNzI=","5","93889432933","93889432933","pfbid0v47b34McRQ6MVyye8J2ZmjFYMWA5bo61DDWU4aAk8GfdEUcGDfBxHmw7dw55XmZtl","Willie Tan","https://scontent-iad3-1.xx.fbcdn.net/v/t1.18169-1/11080946_10152923806143591_2175878372292665603_n.jpg?stp=cp0_dst-jpg_p32x32&_nc_cat=104&ccb=1-7&_nc_sid=7206a8&_nc_ohc=OXTECSXSvfgAX9FaVD9&_nc_ht=scontent-iad3-1.xx&oh=00_AfDdx6yPUmFhJCqVHhiHamPwf6GJZEwxgo69qL42Yc3_JA&oe=643E1C62",,"Highly paid ministers & this is the best solution they can provide."
,,,,,"2022-11-04T09:20:25.000Z","10159224224022934","https://m.facebook.com/story.php?story_fbid=pfbid0Ba1KP2dbnFe6ggYpWejb3JzWt97RZumvEgUgZiJ1gyzspZVLu76Neo5YAC9gNUJbl&id=93889432933&sfnsn=mo&mibextid=6aamW6","ZmVlZGJhY2s6MTAxNTkyMjQyMjQwMjI5MzRfMzQwNjMxOTIyNjMwNTIwNQ==","Y29tbWVudDoxMDE1OTIyNDIyNDAyMjkzNF8zNDA2MzE5MjI2MzA1MjA1","70","93889432933","93889432933","pfbid0d71DbQbKQEk3DCF1muNkmWrvi7KNzehzEpE3pT1k7a7pzKCKVPsAZkJHVDNjF8D4l","Jimmy Chan","https://scontent-iad3-2.xx.fbcdn.net/v/t1.6435-1/117964870_175947934043048_2462555859570042505_n.jpg?stp=cp0_dst-jpg_p32x32&_nc_cat=106&ccb=1-7&_nc_sid=7206a8&_nc_ohc=h0Cb02zGfygAX8bLFAk&_nc_ht=scontent-iad3-2.xx&oh=00_AfDMaevlY49VQsIV12zqy_h_6fkKv7rdDUqrXJlb0nxyNQ&oe=643E4336","https://www.facebook.com/jinmin.chan.10","Yep, I skip this one. Don't see the benefit of getting it. Boost or not boost, you still get it. And the claims of less severe symptoms, I take it with a pinch of salt. There is not real evidence to it. The only thing I know, somebody is getting richer and someone will have to pay for it."
,,,,,"2022-11-04T09:20:05.000Z","10159224224022934","https://m.facebook.com/story.php?story_fbid=pfbid0Ba1KP2dbnFe6ggYpWejb3JzWt97RZumvEgUgZiJ1gyzspZVLu76Neo5YAC9gNUJbl&id=93889432933&sfnsn=mo&mibextid=6aamW6","ZmVlZGJhY2s6MTAxNTkyMjQyMjQwMjI5MzRfNjgwMzc5MDEwMDU5NDg4","Y29tbWVudDoxMDE1OTIyNDIyNDAyMjkzNF82ODAzNzkwMTAwNTk0ODg=","18","93889432933","93889432933","pfbid0u5DUbU92k7WLggxwoT1v4x418gZJdnCLqHaJky5wS3akXAcXgLudNXPGgQfcHJ9Al","Jun Kang Tan","https://scontent-iad3-2.xx.fbcdn.net/v/t1.6435-1/185277391_108322061431725_7663661758739054289_n.jpg?stp=c0.4.32.32a_cp0_dst-jpg_p32x32&_nc_cat=100&ccb=1-7&_nc_sid=7206a8&_nc_ohc=2--h7lY19F8AX9V2Ibj&_nc_ht=scontent-iad3-2.xx&oh=00_AfAkPT37g0DQuf2YOA4Pp_sYPbMcTyr7_TrZWYvBjCYzEg&oe=643E2565","https://www.facebook.com/junkang.tan.127","Insanity is repeating the same action yet expecting different results."
,,,,,"2022-11-04T09:20:03.000Z","10159224224022934","https://m.facebook.com/story.php?story_fbid=pfbid0Ba1KP2dbnFe6ggYpWejb3JzWt97RZumvEgUgZiJ1gyzspZVLu76Neo5YAC9gNUJbl&id=93889432933&sfnsn=mo&mibextid=6aamW6","ZmVlZGJhY2s6MTAxNTkyMjQyMjQwMjI5MzRfMTEwMTY0ODA5Mzg4NDE2NA==","Y29tbWVudDoxMDE1OTIyNDIyNDAyMjkzNF8xMTAxNjQ4MDkzODg0MTY0","0","93889432933","93889432933","pfbid025frH25ndcBhuifvxQ63QVwetUCq5HiDer1vanM4YcjJ1QYA9YyAwEB4bmumHTJ2nl","Waaii YYee","https://scontent-iad3-1.xx.fbcdn.net/v/t1.18169-1/18010671_10155351421756392_3737422176452480837_n.jpg?stp=cp0_dst-jpg_p32x32&_nc_cat=110&ccb=1-7&_nc_sid=7206a8&_nc_ohc=CxJmBdJg_ZEAX9Dj7Hc&_nc_ht=scontent-iad3-1.xx&oh=00_AfAjpZjHdGo-f0w4Um68fDacMeJg1NPgoScYxWRmCyNuwA&oe=643E3A5A",,"Hansen Goh"
,,,,,"2022-11-04T09:19:52.000Z","10159224224022934","https://m.facebook.com/story.php?story_fbid=pfbid0Ba1KP2dbnFe6ggYpWejb3JzWt97RZumvEgUgZiJ1gyzspZVLu76Neo5YAC9gNUJbl&id=93889432933&sfnsn=mo&mibextid=6aamW6","ZmVlZGJhY2s6MTAxNTkyMjQyMjQwMjI5MzRfNDk3Mzg1NzA5MTE4Mjg5","Y29tbWVudDoxMDE1OTIyNDIyNDAyMjkzNF80OTczODU3MDkxMTgyODk=","12","93889432933","93889432933","pfbid0T3H1wPB36zqoJGvfaSMG2SvXJsvP8nhgp4ikimGUTbMHhEVELvNttqhaLkJfQvd6l","Michael Ng","https://scontent-iad3-1.xx.fbcdn.net/v/t39.30808-1/279260101_10158797956788170_5436212953511696150_n.jpg?stp=cp0_dst-jpg_p32x32&_nc_cat=108&ccb=1-7&_nc_sid=7206a8&_nc_ohc=RuyTuI5rs7QAX88y7J8&_nc_ht=scontent-iad3-1.xx&oh=00_AfCJBxbs1jOnkYwQPr-A73G2n0KLCvDrFU3gqSepsGZLHg&oe=641BA307",,"If take up rate is low, will VDS be reinstated? Your guess is as good as mine…"
"animated_image_autoplay","animated_image_share","image_share","share","fallback","2022-11-04T09:19:21.000Z","10159224224022934","https://m.facebook.com/story.php?story_fbid=pfbid0Ba1KP2dbnFe6ggYpWejb3JzWt97RZumvEgUgZiJ1gyzspZVLu76Neo5YAC9gNUJbl&id=93889432933&sfnsn=mo&mibextid=6aamW6","ZmVlZGJhY2s6MTAxNTkyMjQyMjQwMjI5MzRfMTI4NDUyNDIwODk5MTAxOQ==","Y29tbWVudDoxMDE1OTIyNDIyNDAyMjkzNF8xMjg0NTI0MjA4OTkxMDE5","7","93889432933","93889432933","pfbid0234bRqPUmp6P1fUS2LTNQhVCLU2psdoMjFhCMgFVzaFEPGQ562JzNzvppkwBisak8l","Jasmine Poh","https://scontent-iad3-1.xx.fbcdn.net/v/t1.6435-1/82807386_108545597357011_3647523520411336704_n.jpg?stp=cp0_dst-jpg_p32x32&_nc_cat=108&ccb=1-7&_nc_sid=7206a8&_nc_ohc=5xkA7Po18jMAX82OOq9&_nc_ht=scontent-iad3-1.xx&oh=00_AfD7j8uKqdIcaInCWi0qWlty8TcON4Eb4gyEXYtm9lW2-w&oe=643E26C5","https://www.facebook.com/jasmine.poh.5496","Long awaited Turbocharged shot 😍. As powerful as North Korea's nuclear bombs"
,,,,,"2022-11-04T09:18:18.000Z","10159224224022934","https://m.facebook.com/story.php?story_fbid=pfbid0Ba1KP2dbnFe6ggYpWejb3JzWt97RZumvEgUgZiJ1gyzspZVLu76Neo5YAC9gNUJbl&id=93889432933&sfnsn=mo&mibextid=6aamW6","ZmVlZGJhY2s6MTAxNTkyMjQyMjQwMjI5MzRfNDUzMzE5NjI2OTM1MjUx","Y29tbWVudDoxMDE1OTIyNDIyNDAyMjkzNF80NTMzMTk2MjY5MzUyNTE=","47","93889432933","93889432933","pfbid02BZgHCS7DQQtnEuhwAaq7x3HVzAJvfyg2HPfag9w7fKB4kWFLSHC7Z8QBhuZAabPFl","Lin Yihui Sharon","https://scontent-iad3-2.xx.fbcdn.net/v/t1.18169-1/26730983_10159791164820331_1591382452590368046_n.jpg?stp=cp0_dst-jpg_p32x32&_nc_cat=105&ccb=1-7&_nc_sid=7206a8&_nc_ohc=P2kc0RdMbZMAX8TvaS_&_nc_ht=scontent-iad3-2.xx&oh=00_AfA0g_JfV_zy0RiMDKHdo1zrhaVxALJx8pf_z2wzisdNxw&oe=643E48C8","https://www.facebook.com/sharon.lin.yh","Hello CNA, did you watch EU special committee on covid 19 vaccine?"
,,,,,"2022-11-04T09:17:01.000Z","10159224224022934","https://m.facebook.com/story.php?story_fbid=pfbid0Ba1KP2dbnFe6ggYpWejb3JzWt97RZumvEgUgZiJ1gyzspZVLu76Neo5YAC9gNUJbl&id=93889432933&sfnsn=mo&mibextid=6aamW6","ZmVlZGJhY2s6MTAxNTkyMjQyMjQwMjI5MzRfMTMzNDA4NTYzNzMzMzk1NA==","Y29tbWVudDoxMDE1OTIyNDIyNDAyMjkzNF8xMzM0MDg1NjM3MzMzOTU0","0","93889432933","93889432933","pfbid032HbgefdTtsqbSPg1UrB1UR9iGDmWNyX9JmQkigoA8vRXBpDYbgGpdtFZm7cXJPLal","Martin Tan Abdullah","https://scontent-iad3-1.xx.fbcdn.net/v/t1.6435-1/198834150_223561519606600_5172459873616624814_n.jpg?stp=cp0_dst-jpg_p32x32&_nc_cat=104&ccb=1-7&_nc_sid=7206a8&_nc_ohc=NOtVTa4GR0kAX9-B4QU&_nc_ht=scontent-iad3-1.xx&oh=00_AfCaX-jvcm2ToD42YSggCexZmzpvuSvMkg3-9lJgMR-QFg&oe=643E530B","https://www.facebook.com/people/Martin-Tan-Abdullah/pfbid032HbgefdTtsqbSPg1UrB1UR9iGDmWNyX9JmQkigoA8vRXBpDYbgGpdtFZm7cXJPLal/","👍👍👍"
,,,,,"2022-11-04T09:16:41.000Z","10159224224022934","https://m.facebook.com/story.php?story_fbid=pfbid0Ba1KP2dbnFe6ggYpWejb3JzWt97RZumvEgUgZiJ1gyzspZVLu76Neo5YAC9gNUJbl&id=93889432933&sfnsn=mo&mibextid=6aamW6","ZmVlZGJhY2s6MTAxNTkyMjQyMjQwMjI5MzRfMTE3NTM0NDc4MzM5NDU5OQ==","Y29tbWVudDoxMDE1OTIyNDIyNDAyMjkzNF8xMTc1MzQ0NzgzMzk0NTk5","0","93889432933","93889432933","pfbid02LQkGBLDK3SW7hDper8bpSu72Q6AP5iXmuoF2nhLrWUu6Rr8qiPm99NWFv6cfoNvul","SK Chen","https://scontent-iad3-1.xx.fbcdn.net/v/t39.30808-1/334930653_872061350541862_1685701956099009628_n.jpg?stp=c0.3.32.32a_cp0_dst-jpg_p32x32&_nc_cat=108&ccb=1-7&_nc_sid=7206a8&_nc_ohc=OQk-zRmG7BQAX95onjR&_nc_ht=scontent-iad3-1.xx&oh=00_AfADhIqNt5sLDWE9xV3Qoxf0Gtzfif5YCJbN3fSTPWN3yw&oe=641B66BF",,"Great"
,,,,,"2022-11-04T09:15:45.000Z","10159224224022934","https://m.facebook.com/story.php?story_fbid=pfbid0Ba1KP2dbnFe6ggYpWejb3JzWt97RZumvEgUgZiJ1gyzspZVLu76Neo5YAC9gNUJbl&id=93889432933&sfnsn=mo&mibextid=6aamW6","ZmVlZGJhY2s6MTAxNTkyMjQyMjQwMjI5MzRfMTEwNzQ1OTY3OTkwODc4Mg==","Y29tbWVudDoxMDE1OTIyNDIyNDAyMjkzNF8xMTA3NDU5Njc5OTA4Nzgy","2","93889432933","93889432933","pfbid02t5Sdd2z6CgyrmgMAmyCFrz2sbNnVBay9J1WTPbiprmK92vegXj2Rtnhq6jHpzpEXl","Ivy Florence","https://scontent-iad3-1.xx.fbcdn.net/v/t31.18172-1/11222203_136569093361676_2863770695940793413_o.jpg?stp=c12.0.32.32a_cp0_dst-jpg_p32x32&_nc_cat=101&ccb=1-7&_nc_sid=7206a8&_nc_ohc=0AB4XOX8hf8AX8q8W5p&_nc_ht=scontent-iad3-1.xx&oh=00_AfCH8iddV231QTJb9D-5G5_ZIfK372AUrrHf_ykpJ9bhGw&oe=643E4AD9","https://www.facebook.com/people/Ivy-Florence/pfbid02t5Sdd2z6CgyrmgMAmyCFrz2sbNnVBay9J1WTPbiprmK92vegXj2Rtnhq6jHpzpEXl/","Lai liao"
,,,,,"2022-11-04T09:14:25.000Z","10159224224022934","https://m.facebook.com/story.php?story_fbid=pfbid0Ba1KP2dbnFe6ggYpWejb3JzWt97RZumvEgUgZiJ1gyzspZVLu76Neo5YAC9gNUJbl&id=93889432933&sfnsn=mo&mibextid=6aamW6","ZmVlZGJhY2s6MTAxNTkyMjQyMjQwMjI5MzRfNjU0MzgyMTA5NTM5Mjk0","Y29tbWVudDoxMDE1OTIyNDIyNDAyMjkzNF82NTQzODIxMDk1MzkyOTQ=","12","93889432933","93889432933","pfbid02mz3BRy2JAFd5qbMX3GZkodMQYVaSpWVMCtJoWjTV3ZZ3mfKePitUeiSpgppkvqfdl","Joy Joy Joy","https://scontent-iad3-1.xx.fbcdn.net/v/t39.30808-1/312061363_2432305816920996_1075522044586487552_n.jpg?stp=cp1_dst-jpg_p32x32&_nc_cat=107&ccb=1-7&_nc_sid=7206a8&_nc_ohc=dIxI8iC34b8AX_hx8zf&_nc_ht=scontent-iad3-1.xx&oh=00_AfCoIc-AAONIJf9HoAYtnYQXH6l4Jz_vMYyLlXMljpCLKg&oe=641B2618",,"Wake up people !!
Master of Hypocrisy and their ever evolving 🦬💩"
