author,submission,body,score,id,parent_id,created
spaniel_rage,10bwiuy,"The CDC seems to think it's unlikely this safety signal is going to turn out to be real.

""The findings prompted officials to look for similar findings. CDC officials conducted a different analysis in the Vaccine Safety Datalink system, using the same data but different methodology, and were not able to replicate the finding. Officials also searched other systems, including those of Medicare, the Department of Veterans Affairs and Pfizer‚Äôs global surveillance network. Regulators in other countries, including Israel, also were consulted, but no evidence of similar findings emerged, the officials said.
The statement from the two agencies said that the government uses multiple systems to detect potential safety problems and that ‚Äúoften these safety systems detect signals that could be due to factors other than the vaccine itself.‚Äù

https://www.washingtonpost.com/health/2023/01/13/pfizer-covid-vaccine-safety/",11,j4cmwjf,t3_10bwiuy,2023-01-15 03:42:02
pharmaboy2,10bwiuy,"I‚Äôm a little troubled that the CDC reported the safety signal and then immediately reported other databases taht showed no signal .   They are trying to minimise it - quite honestly, that‚Äôs exactly what we in the Pharma industry would do.

In a more neutral world where these things don‚Äôt get in the media, we publish the signal in order to get others to look for the signal in their own databases.

It‚Äôs amazing how many times a single database picks it up, but no pick ups anywhere else until 6 months after publishing .  Clinicians need to be aware - it seems a rather defensive release from the CDC - which I fully understand as to why, but still the cdc should ignore the gallery ( I really hate to say it - peanuts )

It is 100% reasonable to be cynical of a Pharma company saying we don‚Äôt think it‚Äôs real ..,,",6,j4f92fq,t1_j4cmwjf,2023-01-15 15:51:30
mrspc1000,10bwiuy,"I would not trust a large pharmaceutical company to provide such data when their interest is clearly for their own corporations profits and capital gain. That is an extreme conflict of interest.

Update: I‚Äôm unsure why someone would downvote my comment, considering it‚Äôs common sense to avoid conflict of interest? Conflict of interest leads to unreliable data. Zero bad intentions, just a friendly comment to help us form the best piece of information and make good judgements‚Ä¶",11,j4eih22,t1_j4cmwjf,2023-01-15 11:33:05
sacre_bae,10bwiuy,Good,4,j4crho1,t1_j4cmwjf,2023-01-15 04:12:58
Mymerrybean,10bwiuy,"[Pfizer Document 5.3.6](https://www.phmpt.org/wp-content/uploads/2022/04/reissue_5.3.6-postmarketing-experience.pdf) A cummulative analysis of post authorisation adverse events, reported 275 people who suffered a stroke suspected to have been attributed to the vaccine within 41 days, of those ~50% occurred within 48 hours after injection. 

Unfortunately the monitoring stopped at the end of the 90 day period, however the fact that the CDC has now after 2 years decided that there might be enough of a safety signal to publicly announce an investigation into vaccine induced strokes seems very unfortunate, given this safety signal was present within the first few months post authorisation **more than 2 years ago**.

EDIT: ""suspected to have been attributed to""",0,j4g071f,t1_j4cmwjf,2023-01-15 21:31:43
CoronavirusDownunder-ModTeam,10bwiuy,"Thank you for contributing to r/CoronavirusDownunder.

Unfortunately your submission has been removed as a result of the following rule:


* **Do not encourage or incite drama**. This may include behaviours such as:

    * Making controversial posts to instigate or upset others.
    * Engaging in bigotry to get a reaction.
    * Distracting and sowing discord with digressive and extraneous submissions.
    * Wishing death upon people from COVID-19.
    * Harmful bad faith comparisons; for example comparing something to the holocaust, assault or reproductive autonomy.
    * Repeat or extreme offending may result in a ban.

Our community is dedicated to collaboration and sharing information as a community. Don't detract from our purpose by encouraging drama among the community, or behave in any way the detracts from our focus on collaboration and information exchange.




If you believe that we have made a mistake, please [**message the moderators**](https://www.reddit.com/message/compose?to=%2Fr%2FCoronavirusDownunder&subject=&message=).

^To ^find ^more ^information ^on ^the ^sub ^rules, ^please ^click ^[here](https://www.reddit.com/r/CoronavirusDownunder/about/rules/).",1,j4i3i9d,t1_j4g1gsv,2023-01-16 05:52:26
CoronavirusDownunder-ModTeam,10bwiuy,"Thank you for contributing to r/CoronavirusDownunder.

Unfortunately your submission has been removed as a result of the following rule:


* **Information about vaccines and medications should come from quality sources**, such as recognised news outlets, academic publications or official sources.
* The rule applies to all vaccine and medication related information regardless of flair.
* Extraordinary claims made about vaccines should be substantiated by a quality source
* Comments that deliberately misrepresent sources may be removed



If you believe that we have made a mistake, please [**message the moderators**](https://www.reddit.com/message/compose?to=%2Fr%2FCoronavirusDownunder&subject=&message=).

^To ^find ^more ^information ^on ^the ^sub ^rules, ^please ^click ^[here](https://www.reddit.com/r/CoronavirusDownunder/about/rules/).",2,j4dirwv,t1_j4dhd5o,2023-01-15 07:16:56
spaniel_rage,10bwiuy,"I'm sceptical of anything Pfizer are saying on the matter, but it's pretty reassuring if there is no signal in the Medicare or VA database, or from Israel or the EU. I get that they are erring on the side of full transparency. It's just dismaying that a story like this gets leaped upon by every antivaxxer and their dog.",7,j4fapq7,t1_j4f92fq,2023-01-15 16:13:00
spaniel_rage,10bwiuy,None of the data sources listed above are paid for or managed by the pharmaceutical companies.,17,j4ejlv7,t1_j4eih22,2023-01-15 11:42:00
Individual-Parking-5,10bwiuy,Did you even read it? They have combed through everything they could get their hands on.,3,j4eow0n,t1_j4eih22,2023-01-15 12:23:51
chessc,10bwiuy,"This is plain wrong.

>reported 275 people who suffered a stroke **attributed** to the vaccine within 41 days, of those ~50% occurred within 48 hours after injection

It is deceptive to claim these strokes were ""attributed"" to the vaccine. The documents you link to do not say this. They are adverse events, which means they occurred after vaccination, but not necessarily caused by vaccination. The Pfizer documents cover a period of time where tens of millions of vaccine doses were administered. Unfortunately, everyday there are people who have strokes. And it's more likely among elderly people, who were a priority group for the early phases of the vaccine rollout (and who make up the majority of the reported adverse events.) There's only a safety signal if the number of adverse events is higher than the number of expected background events. There was no safety signal for this data.

I believe this has been explained to you before.",3,j4hog58,t1_j4g071f,2023-01-16 04:18:57
spaniel_rage,10bwiuy,"No.

You're inaccurately editorialising what that document reports.

The adverse events listed in that paper are *not* attributed to the vaccine. They were observed in the population of 126M administred doses within 90 days. Causality is not necessarily implied. In a population that large, you *are* going to observe the normal background rate of disease incidence.

275 strokes in 126M individuals is not outside of the predicted background rate.",4,j4hqdts,t1_j4g071f,2023-01-16 04:30:45
giantpunda,10bwiuy,">61 people suffered stroke in the US within 48 hours of getting the first dose

That's a hell of a stat to throw out there without any source for that claim.

Do you have one?",3,j4et91v,t1_j4erd83,2023-01-15 12:58:50
pharmaboy2,10bwiuy,"I think the problem here is that you find it ‚Äúreassuring‚Äô , which is generally an emotion and exactly what I‚Äôd expect as the takeaway from
The release (is it 2 weeks ago now?)

I‚Äôm not throwing stones at you - my criticism is that is exactly the intent. Exactly how I‚Äôd put it together if I was head of clincal at Pfizer.  Gee, it wasn‚Äôt that long ago that the regs were scrupulously neutral in their language and left it to others.

In all likelihood, I don‚Äôt expect this SS to have any substance given the coding for such events and that‚Äôs as someone who watched a nearest and dearest have AZ and stroked 6 days later - passed 4 days later, but in the first person we do tend to link things that are not related .

Strong data helps with this tendency",3,j4fcjt3,t1_j4fapq7,2023-01-15 16:37:28
mrspc1000,10bwiuy,"‚ÄúPfizer‚Äôs Global Surveillance Program‚Äù is not independent of Pfizer as it reads. An independent body gives better insight and judgement of how data is liaised and corresponded. I‚Äôm not suggesting it‚Äôs completely incorrect, what I‚Äôm questioning is the integrity of a corporation providing such data when it‚Äôs their own product sold for profit.

Yes, I‚Äôm fully vaccinated and happy to be, but open to all information and question for better outcomes of risks vs benefits for vaccination for COVID-19.",3,j4epvgz,t1_j4ejlv7,2023-01-15 12:31:21
mrspc1000,10bwiuy,"Of course, but that doesn‚Äôt prevent the question - why is there a conflict of interest disrupting the data?",2,j4eqvnn,t1_j4eow0n,2023-01-15 12:38:39
pharmaboy2,10bwiuy,"Did you ask ‚Äúwhy‚Äù?

And is combing through normal before releasing a safety signal?",-1,j4f98kw,t1_j4eow0n,2023-01-15 15:53:43
Mymerrybean,10bwiuy,"My wording says ""attributed to"" should have be ""suspected to have been attributed to"" will edit, it's also noted that the ""magnatude of underreporting is unknown. I would watch this space.",0,j4i4okc,t1_j4hqdts,2023-01-16 05:59:39
Mymerrybean,10bwiuy,"Removed as I got the figures wrong, will come back with the actual figures.",-1,j4f17as,t1_j4et91v,2023-01-15 14:17:34
spaniel_rage,10bwiuy,"The VAERS, Medicare and VA database mentioned above, as well as the TGA and equivalent bodies in the UK, EU and Israel, are entirely independent of Pfizer.

Yes, we rely on them for phase 2/3 data, but not for this kind of phase 4 data.",14,j4ercc2,t1_j4epvgz,2023-01-15 12:42:24
Rupees_Gains,10bwiuy,"Of course you would ""watch this space"". When it doesn't eventuate, you will shift the goal posts. Or claim that the data is flawed. Or switch to a new claim.",2,j4iowqe,t1_j4i4okc,2023-01-16 08:14:04
sacre_bae,10bwiuy,"I already ran the numbers on this one.


There‚Äôs about 2160 strokes per day in the US, or 45,360 in any given 21 day period. About 62% occur in people 65+, so around 28,123.

About 56m people are aged over 65, and 550,000 is 1 / 102nd of that.

28123 / 102 = 276.

So you would expect a background rate of 276 strokes in that vaccinated group in this time period.


The CDC observed 130 strokes in that time period.",5,j4f2cfk,t1_j4f17as,2023-01-15 14:30:09
Rupees_Gains,10bwiuy,"Uhhhh no. Your SOURCE wasn't removed. Your false, unsupported claim, was removed.",2,j4fgr6f,t1_j4f17as,2023-01-15 17:33:40
mrspc1000,10bwiuy,"Thank you, great response. Those independent bodies are much better sources of data than the product‚Äôs own surveillance network.",1,j4eritg,t1_j4ercc2,2023-01-15 12:43:52
Mymerrybean,10bwiuy,"See response here, with [source](https://www.phmpt.org/wp-content/uploads/2022/04/reissue_5.3.6-postmarketing-experience.pdf).
https://www.reddit.com/r/CoronavirusDownunder/comments/10bwiuy/comment/j4g071f/?utm_source=share&utm_medium=web2x&context=3

BTW - I meant that I removed my comment, as I needed to clarify, it wasnt removed by moderators.",0,j4g0cq6,t1_j4fgr6f,2023-01-15 21:33:15
pharmaboy2,10bwiuy,"They may be- but Pharma companies run pretty good surveillance -  far broader than the official reporting systems.  Personally, I reject the notion that Pharma companies can bury a signal or that it‚Äôs tainted due to source.   Pharma would never report like this has been though - you don‚Äôt tell people here it it but we investigated it and it‚Äôs nothing 

I would bet pounds to peanuts that the EMA doesn‚Äôt respond in this way , nor in fact Pfizer (who will tread far more carefully here)",2,j4f9or1,t1_j4eritg,2023-01-15 15:59:36
AutoModerator,10bty8k,"This post appears to be about vaccines. We encourage you to read our helpful resources on the COVID-19 vaccines:
   
[Vaccine FAQ Part I](https://www.reddit.com/r/Coronavirus/wiki/faq#wiki_where_can_i_find_information_about_the_mechanism_and_progress_of_vaccines.3F)

[Vaccine FAQ Part II](https://www.reddit.com/r/Coronavirus/comments/mnitdo/vaccine_faq_variants_chronic_conditions_nsaids)

[Vaccine appointment finder](https://www.reddit.com/r/Coronavirus/wiki/faq/vaccinefinder)


*I am a bot, and this action was performed automatically. Please [contact the moderators of this subreddit](/message/compose/?to=/r/Coronavirus) if you have any questions or concerns.*",1,j4c1z8s,t3_10bty8k,2023-01-15 01:24:58
mces97,10bty8k,"I saw that the CDC is looking into a report that 130 (out of 550,000) over 65 year had strokes shortly after taking the updated vaccine. They don't know if there's a connection. But of course, I welcome any investigation. With that said, 130/550,000 is like .0002 or .002% of people. If Covid has a death rate of just .1% with 99.9% not dying, out of 550,000 people, that's still 550 people, more than 2.5 times the risk of dying than a stroke. People have a 1% chance of dying from a car accident in their life. So anyone worried about a stroke from a Covid vaccine who still gets in a car, isn't really concerned about health risks.",8,j4d0jqt,t3_10bty8k,2023-01-15 05:14:19
Altofaltception,10bty8k,"Antivaxxers: well, what about...?",-2,j4c6fxz,t3_10bty8k,2023-01-15 01:53:55
OLOstart,10bty8k,"Someone put this news into a pill so I can have antivaxxers swallow it.

I'm so sick of my social media getting spammed by news of all the teenage atheletes getting heart attacks or even dying as if this is anything new and wasn't completely common even before the pandemic.

Someone need to show these people what REAL science looks like when it comes to risks. So, thank you Singapore.

Let this be the reason for everyone here to keep getting their booster shots. Remember we have an incredible variant spreading now and if your previous booster was more than a couple of months ago, you need an update because your protection just isn't there. Get your shots now.",-5,j4dak8g,t3_10bty8k,2023-01-15 06:22:01
justgetoffmylawn,10bty8k,"I haven't seen those reports, but the math is more complex than that. Your math would be correct if the vaccines were 100% protective for those over 65. And of course the death rate for those over 65 from Covid is more than 0.1%. So we would need to examine the potential risk of a serious side effect, vs the overall *improvement* in all-cause mortality provided by the vaccine (something we unfortunately rarely measure, as all-cause is more important and less subject to arbitrary guidelines than specific 'acute Covid' outcomes).

I think your conclusion is still correct that for those over 65, the bivalent likely provides significantly more protection than risk, but it would be nice if more data were being collected. 

Singapore tends to be one of the better places for data collection (and has alerted people to the significantly elevated risk of death after the acute phase of Covid is over), but I wish other countries were doing better data collection (glances meaningfully at US CDC).",16,j4d527e,t1_j4d0jqt,2023-01-15 05:45:01
jdorje,10bty8k,"The potential risk of a serious side effect is included in the all-cause mortality.  The correct-ish way is to measure the all-cause death or hospitalization rate.  The issue with that is that the variance is so high that you need a really massive sample size.  In the middle half of 2021 this research was done and showed around half the all-cause mortality of those who were vaccinated.  But it wasn't repeated in 2022 that I have seen.

Even with all that there are still confounding factors that can break the analysis.  It's very easy to tie glasses-wearing to positive health outcomes for instance, but the causality on this is believed to go in the other direction: people with better education and healthcare are more likely to wear glasses.

People over 65 who got the bivalent were [0.06% less likely absolute](https://covid.cdc.gov/covid-data-tracker/#covidnet-hospitalizations-vaccination) to be hospitalized per month due to covid than those who were vaccinated but no booster (0.1% monthly hospitalization risk for non-bivalent, versus 0.04% with bivalent, versus 0.56% unvaccinated).  If OP's numbers of 0.02% for one month (I did not verify) is correct then the vaccine is slightly better over the one-month timeframe after vaccination.  Or maybe you could say that an ischemic stroke is worse than a hospitalization and then it comes out even or behind.  Of course we know that the cellular immunity generated generally lasts for decades while vaccine  side effects are very short-term, and that real world data can have huge confounding factors regardless.

The 0.02% was not found statistically significant in a reanalysis, and no other set of data showed up the same 0.02%.  However it cannot be ignored and needs to still be watched.",7,j4d8v23,t1_j4d527e,2023-01-15 06:10:36
mces97,10bty8k,"Oh, of course the risk of death is higher than .1%. I just used that number as showing that even if 99.9% survive, the risk of death at a small .1% is still less than the possible risk of a stroke. And in the medicine game it's always a balance of risk vs reward.",-3,j4d7bse,t1_j4d527e,2023-01-15 06:00:08
justgetoffmylawn,10bty8k,"Yep, not disagreeing - just wanted to point out that no matter how small a percentage you pick, it has to be balanced out by the bivalent efficacy.

I just mentioned it because I see people sometimes mention the risk of X outcome versus 100% protection.

So for something like myocarditis (which gets lots of press), the risk of getting it from infection is far higher than getting it from the vaccine. But that's not the relevant question - the question is to what degree does the vaccine protect you from still getting it from a subsequent infection. 

Then you can do the math of risk vs reward, but you need that info.",7,j4d80pn,t1_j4d7bse,2023-01-15 06:04:53
fish312,y1162c,"Way too late for it to be useful. 

The approved vaccine is Moderna 1273.214 which targets the B.A.1 variant, which is all but extinct in the wild. 

Took so long to approve and procure, moderna also has a new version for B.A.5, mRNA-1273.222, but that was not approved.

But the spike protein on current strains is quite different from BA.1 so the antibodies produced from  will have difficulty binding to circulating strains... so immune escape for this vaccine will be very bad. 

Meanwhile the current circulating strain is already BA.2.10. 

They are basically offering an upgrade from windows 95 to windows XP with Norton antivirus 2005. Worthless.",36,irv8zz7,t3_y1162c,2022-10-11 16:44:16
roninfyc,y1162c,"Oh no.....not again, endless jab :(",10,irvjj17,t3_y1162c,2022-10-11 19:12:04
Fantastic-Ad88,y1162c,Which Omicron variant did it target?,4,irv3pqk,t3_y1162c,2022-10-11 15:23:12
fortprinciple,y1162c,I got mine recently along with my flu shot. Stay safe and healthy folks. Vaccines work!,6,irv0g2t,t3_y1162c,2022-10-11 14:37:37
sneakpeek_bot,y1162c,"> # Bivalent Moderna COVID-19 vaccine available in Singapore Oct 14, three days ahead of schedule

> SINGAPORE: The Ministry of Health (MOH) will bring forward the administration of the Moderna/Spikevax bivalent vaccine to Oct 14, three days ahead of the previously announced date, the ministry said on Tuesday (Oct 11).

> The early rollout was made possible by the ministry's operations teams completing preparations ahead of the deadline.

> In addition, there are ""benefits to administering early as infections are rising due to the XBB Omicron sub-variant"", said MOH.

> ‚ÄúThe bivalent Moderna/Spikevax vaccine is based on the same original vaccine, with the same dosage for boosting,‚Äù added MOH.

> ‚ÄúInstead of targeting only the original COVID-19 virus, the updated version also targets the Omicron variant. It therefore will provide better protection against newer COVID-19 variants. It is proven to be safe and effective.‚Äù

> The ministry added that the approach and process of updating a vaccine with new strains of a disease is an ‚Äúestablished practice‚Äù. It added that based on post market surveillance, to date more than 11 million updated bivalent mRNA vaccine doses have been administered in the US without any safety concerns reported.

---
1.0.2 | [Source code](https://github.com/fterh/sneakpeek) | [Contribute](https://github.com/fterh/sneakpeek)",0,iruxlhs,t3_y1162c,2022-10-11 13:59:45
iluvthisgame,y1162c,"I received sms today to register for vaccination, is moderna the only bivalent vaccine? Thanks!",1,ivfh64i,t3_y1162c,2022-11-08 00:20:08
MagosBiologis,y1162c,"Wrong. Less effective but not worthless. Don't talk cock about things you don't understand.

EDIT: someone gave details. https://www.reddit.com/r/singapore/comments/y1162c/bivalent_moderna_covid19_vaccine_available_in/irwchhc/",11,iryqc9l,t1_irv8zz7,2022-10-12 08:58:15
sailupwind49,y1162c,"The BA.5 one was what was approved in the US ‚Äî the original bivalent BA.1 never came to market after new Omicron variants emerged. Are you certain we are getting the obsolete one? 

Source:

https://time.com/6214187/new-omicron-booster-antibodies/",15,irvuage,t1_irv8zz7,2022-10-11 20:57:46
shopchin,y1162c,How is novavax as an alternative? Since these are generally ineffective anyway as i understand it.,1,iscw995,t1_irv8zz7,2022-10-15 08:13:30
fish312,y1162c,"Targets B.A.1. Which is already mostly extinct in the wild. Aka worthless. 

Took so long to approve and procure, moderna also has a new version for B.A.5 but that was not approved.",9,irv8idx,t1_irv3pqk,2022-10-11 16:36:43
Logi_Ca1,y1162c,"How did you get it? The criteria to receive it seems quite tight, are you like 50 and above? üòÖ",1,irv4ac6,t1_irv0g2t,2022-10-11 15:31:41
fish312,y1162c,"Yes, it was announced on CNA. We are receiving  mRNA-1273.214

>The mRNA 1273.214 booster targets mainly the original strain and BA.1 variant. It has been authorised in Singapore, the UK, Switzerland, the European Union, South Korea, Japan, Taiwan and Australia.

>The other booster targets the later BA.4 and BA.5 variants, and is only authorised in the United States.

https://www.channelnewsasia.com/singapore/moderna-bivalent-covid-19-booster-vaccine-antibodies-ba4-ba5-omicron-2954956",1,irw3x4r,t1_irvuage,2022-10-11 22:12:38
92ekp,y1162c,"mRNA-1273.214 is a bivalent combining original and BA.1.

It gets [better results](https://www.accesswire.com/706099/Moderna-Announces-Bivalent-Booster-mRNA-1273214-Demonstrates-Potent-Neutralizing-Antibody-Response-Against-Omicron-Subvariants-BA4-And-BA5) against all current variants including BA.5 than the original Moderna vaccine.  So **NOT** worthless as you allege.

The original+BA.5 bivalent (mRNA-1273-222) is approved in a number of countries but is not widely available yet.  The US CDC asked for it specifically.  There isn't clinical trial data for this bivalent.",13,irzosqa,t1_irv8idx,2022-10-12 14:21:47
fortprinciple,y1162c,I don't live in Singapore. The bivalent COVID vaccine has been available for a few weeks where I live.,4,irv4c7x,t1_irv4ac6,2022-10-11 15:32:28
Rouk3zila,y1162c,i suppose the mtf already expect not much of people going to get this anyways .. cause so many people already infected and typically the wave will peak within 1- 2 month .. by then the .222 will be only 1 available then they can get that batch and what variant comes after ..,3,irw4qrp,t1_irw3x4r,2022-10-11 22:18:33
Logi_Ca1,y1162c,Ah I see thanks!,0,irv53y8,t1_irv4c7x,2022-10-11 15:44:07
GeshtiannaSG,y1162c,"Even the original vaccines are good enough for any variants, and protection lasts decades. This is only really for those over 50 or weak immune systems, as are any boosters in the future.",4,is4zt5h,t1_irw8bk4,2022-10-13 18:38:15
fish312,y1162c,"Maybe you missed the original point I made. 

>But the spike protein on current strains is quite different from BA.1 so the antibodies produced from will have difficulty binding to circulating strains... so immune escape for this vaccine will be very bad.

Is it going to do something? Maybe. Probably a bit. Your umbrella might help shelter you from the afternoon rain but it's going to do jack shit against a hurricane or flood. Obviously, Dr. Burton is advocating the adoption of *any* vaccine as preferable to no vaccine at all, and a 5% protection beats a 0% protection, but to just accept his assurances wholesale without caveat is at best dubious and at worse intellectually dishonest.",-11,irw9hh1,t1_irw8bk4,2022-10-11 22:51:42
fish312,y1162c,"[Yeah, and how doesn't this demonstrate what I said?](https://i.imgur.com/afyyCNz.jpg) 

1273.214 is obviously better than being unvaccinated and better than the original vaccine that targeted the wild wuhan ancestral strain. 

But it's still inferior to 1273.222. And note that this is testing against a BA.5 infection, I can only assume efficacy against B.A.2.10 will be even worse. 

I suppose if you've never contracted omicron before then you might find it useful. Otherwise, maybe wait for next years iPhone instead of buying an old model.",-11,irwk1vv,t1_irwchhc,2022-10-12 00:02:55
zeindigofire,y8qdwm,"So wait, the bivalent vaccines are *not* currently available to those 18 to 49? I was going to get a booster soon to get the bivalent vaccine, but I guess I should wait?",4,it1n2wa,t3_y8qdwm,2022-10-20 16:11:19
bukitbukit,y8qdwm,Whatever lah.,2,it36mrn,t3_y8qdwm,2022-10-21 00:30:02
heeroena,y8qdwm,[https://expose-news.com/2022/08/27/9-in-10-covid-deaths-past-year-vaccinated/](https://expose-news.com/2022/08/27/9-in-10-covid-deaths-past-year-vaccinated/),1,it1qx7t,t3_y8qdwm,2022-10-20 17:09:12
GroundbreakingGur930,y8qdwm,"SINGAPORE: Singapore plans to invite people aged between 18 and 49 to take their COVID-19 bivalent vaccines later in the year as more supplies are secured, Minister for Health Ong Ye Kung said on Thursday (Oct 21).

Mr Ong added that the authorities hope to secure these supplies in a matter of weeks.¬†He was responding to questions from MPs Joan Pereira (PAP-Tanjong Pagar) and Jamus Lim (WP-Sengkang) on¬†the timeline of the vaccines, how they compared with Moderna and Pfizer boosters in terms of efficacy and when someone who has recovered from COVID-19 should take this vaccine.

The Government had announced earlier that those who have yet to achieve minimum protection - or are aged 50 and above who last received their vaccine dose more than five months ago - can walk into any of nine Joint Testing and Vaccination Centres to receive their bivalent vaccine dose from Oct 14.¬†

Bivalent vaccines¬†provide better protection against newer COVID-19 variants compared to the original vaccines, said Mr Ong.¬†

They work by simulating an immune response against two different antigens. For example,¬†Moderna‚Äôs bivalent vaccine has been updated to protect against the Omicron BA.1 variant, in addition to the original strain.

The initial COVID-19 vaccines used in Singapore have been monovalent, which means they only contain or encode the spike protein of the original SARS-CoV-2 virus.

The Government rolled out the bivalent Moderna/Spikevax vaccine on Oct 14, with the bivalent Pfizer-BioNTech/Comirnaty expected to be available by the end of the year.¬†

While Singapore is prioritising people aged 50 and above for the additional booster dose, it is planning to invite those aged between 18 and 49 later in the year.¬†

If an eligible person is infected, they should wait three months to take the bivalent vaccine, Mr Ong said.¬†

MP Leon Perera (WP-Aljunied) also asked if the Health Ministry would consider reopening vaccination centres at community clubs and centres in areas with more elderly residents.¬†

Mr Ong said: ""Vaccination Centres and our Joint¬†Testing and Vaccination Centres - they are chosen based on their proximity to high population density areas, good accessibility, and availability of the venue to¬†support vaccination operations over a sustained period of time.""

Currently, there are 11 Joint Testing and Vaccination Centres and Vaccination Centres, and a network of 221 participating Public Health Preparedness Clinics and 20 polyclinics, which provide sufficient convenience and access to vaccinations, said Mr Ong.¬†

A BOOSTER EVERY YEAR

In a supplementary question, Ms Pereira said that many elderly residents who have taken second boosters are not sure if they can take bivalent vaccines and when to do so.¬†

Noting that this was a common question, Mr Ong said: ""The answer is yes,¬† five months after their second booster, they are recommended to take the bivalent vaccine.

""As I explained earlier, we have moved to a new system where we stop counting the number of booster shots we are taking.¬†We are living with the COVID-19 virus ... what we are recommending people now is that - two concepts - one, please attain your minimum protection which is three doses of mRNA.""

""Beyond that, take an additional latest vaccine five months after your last shot, ... and no longer than 12 months,"" he added. He said this essentially worked out to taking a booster every year.¬†

MP Yip Hon Weng (PAP-Yio Chu Kang) then asked if people who have had multiple infections should still take their boosters.

Mr Ong said in reply that it was best to ""ignore infections"".

""Because now that we have hybrid immunity from our vaccinations as well as infection, there are many individuals now who hardly have any response or symptoms after they are infected, so I think it's best not to count infection. Take our boosters and take our jabs diligently,"" he said.¬†",0,it1ffih,t3_y8qdwm,2022-10-20 14:21:53
art_dragon,y8qdwm,I'm hoping this is available to me before my overseas trip end-Nov; I have not gotten COVID before and my last jab was in Jan (I'm 28) ...,0,it2c0tk,t3_y8qdwm,2022-10-20 21:01:18
jackology,y8qdwm,"We can wait for the trivalent vaccine, failing so, the quadvalent vaccine.",3,it1tgfm,t1_it1n2wa,2022-10-20 17:46:20
DuePomegranate,y8qdwm,"If you're 18-49, you can't get your second booster period (unless immunocompromised). If you didn't take your first booster yet, you are probably considered ""yet to achieve minimum protection"" and are eligible for the bivalent booster.",3,it1p64o,t1_it1n2wa,2022-10-20 16:42:54
DuePomegranate,y8qdwm,Do you really need help understanding the simple logical fallacy in the link? Or just trolling?,0,it1ubj1,t1_it1qx7t,2022-10-20 17:58:37
LuckyNumber-Bot,y8qdwm,"All the numbers in your comment added up to 69. Congrats!

      18
    + 49
    - 19
    + 21
    = 69

^([Click here](https://www.reddit.com/message/compose?to=LuckyNumber-Bot&subject=Stalk%20Me%20Pls&message=%2Fstalkme) to have me scan all your future comments.) \
^(Summon me on specific comments with u/LuckyNumber-Bot.)",5,it1fg1n,t1_it1ffih,2022-10-20 14:22:05
DuePomegranate,y8qdwm,"Can we get the bivalent BA.4/5 that they are using in the US, not this one-version-behind BA.1 bivalent? Feels like Value$ product man.",0,it1tub5,t1_it1tgfm,2022-10-20 17:51:49
zeindigofire,y8qdwm,"You laugh, but isn't this exactly what's happened with the flu? Seems very much like history repeating itself...

Speaking of which, I should probably get my flu shot too",0,it1tzht,t1_it1tgfm,2022-10-20 17:53:53
zeindigofire,y8qdwm,"Ok, good to know, thanks! I thought they'd recently opened things up but I guess not. Kinda worried about the current wave... would be nice to get a booster since it's been 9 months, but I guess they'll open it up soon?",0,it1t9ts,t1_it1p64o,2022-10-20 17:43:44
heeroena,y8qdwm,I see filthy shills still here advocating for the snake oil,3,it2j817,t1_it1ubj1,2022-10-20 21:54:51
nice___bot,y8qdwm,Nice!,1,it1fgkx,t1_it1fg1n,2022-10-20 14:22:17
GroundbreakingGur930,y8qdwm,ROFL. Thanks!,1,it1g27i,t1_it1fg1n,2022-10-20 14:30:07
YL0000,y8qdwm,"I hope that they would buy the BA.4/5 version though I saw in a paper that the antibody response of BA.1 is also quite good against omicron. The concentration of neutralizing antibodies could be one order of magnitude less than that of BA.4/5 bivalent version, but is still quite good.",0,it1v561,t1_it1tub5,2022-10-20 18:09:57
DuePomegranate,y8qdwm,"There's a shortage of supplies, so they are giving it to over 50s first. It's right there in the title. 

There's a decent chance that by the time the booster is opened up to under 50s, this current XBB would already be on its way out. This Tuesday's case number was about the same as last Tuesday's, meaning that it could already be peaking.",2,it1to6h,t1_it1t9ts,2022-10-20 17:49:26
DuePomegranate,y8qdwm,"Novavax does not have a broad spectrum design. They just used the original strain spike protein, same as the mRNA vaccines. Maybe Novavax happens to induce more S2 antibodies for an unknown reason, but it wasn‚Äôt designed to.

In this study, Novavax did worse against BA.1 and BA.2 than the mRNA vaccines.

https://www.ncbi.nlm.nih.gov/pmc/articles/PMC8936098/

Novavax has some fans who are really hyping it up. It does seem to have some activity vs BA.5, but so do the mRNA vaccines. Without a side-by-side comparison, don‚Äôt believe the hype.",1,it232a5,t1_it1y87b,2022-10-20 19:42:28
DuePomegranate,y8qdwm,"What data is that? There's no human data released on the BA.4/5 bivalent yet, only the BA.1 bivalent (and that's why HSA can approve the BA.1). Maybe you're talking about mouse data, and that's probably from the first shot onwards rather than 2 shots of original vaccine followed by 1 shot of bivalent (if you're talking about one order of magnitude).",1,it1vppb,t1_it1v561,2022-10-20 18:17:35
YL0000,y8qdwm,Still good for those who will be travelling...,0,it1vahr,t1_it1to6h,2022-10-20 18:11:57
YL0000,y8qdwm,"Yes, the mouse data. The Cell paper.",0,it1ywz4,t1_it1vppb,2022-10-20 18:57:41
sneakpeek_bot,yd1hv4,"> # Singapore grants interim authorisation for Pfizer bivalent COVID-19 booster vaccine

> SINGAPORE: The Health Sciences Authority (HSA) on Tuesday (Oct 25) granted interim authorisation for Pfizer's Comirnaty bivalent COVID-19 booster vaccine in Singapore.

> This makes it the second such jab to be approved for use here after the Moderna/Spikevax vaccine, which obtained interim authorisation in September and was rolled out earlier in October.

> The Comirnaty Bivalent (Original/Omicron BA.4/5) COVID-19 jab by Pfizer is an updated version of the original Comirnaty vaccine.

> It comprises two components - 15 micrograms targeting the original SARS-CoV-2 strain and 15 micrograms targeting the Omnicron BA.4 and BA.5 variants, said HSA in a news release.

> 

> The Comirnaty bivalent vaccine is authorised for use as a booster shot for individuals aged 12 and above, who have received primary series COVID-19 vaccination.

> Health Minister Ong Ye Kung has said that bivalent vaccines provide better protection against newer COVID-19 variants compared to the original vaccines.

> 

> Last week, he announced that Singapore plans to invite people aged between 18 and 49 to take their COVID-19 bivalent vaccines later in the year, as more supplies are secured.

> Earlier in October, the Government said it expects Pfizer's Comirnaty bivalent vaccine to be available in Singapore by the end of the year.

> It also announced then that children aged between five and 11 will be able to receive the Comirnaty vaccine as a booster dose.

> BENEFITS EXPECTED TO OUTWEIGH RISKS: HSA

> Official vaccination recommendations on the use of this booster will be issued by the Expert Committee on COVID-19 Vaccination and the Ministry of Health (MOH) in due time, added HSA.

> In making its regulatory decision, HSA said it consulted experts from its Medicines Advisory Committee and Panel of Infectious Diseases Experts.

> The authorisation was based on evidence including from Pfizer‚Äôs non-clinical studies, clinical trials with different variant-updated vaccines and manufacturing and quality processes.

> With the clinical study by Pfizer for its Comirnaty Bivalent (Original/Omicron BA.4/5) Vaccine still under way, the assessment of its efficacy was based primarily on an earlier clinical study conducted in individuals aged above 55 - but with the Comirnaty Bivalent (Original/Omicron BA.1) Vaccine instead.

> ""HSA considers such data as relevant taking into account that these Omicron subvariants are closely related,"" said the authority.

> The study showed that the bivalent vaccine elicited a stronger immune response against the targeted Omicron BA.1 variant, while preserving adequate response against the original SARS-CoV-2 strain, said HSA.

> An ongoing clinical study with the bivalent (Original/Omicron BA. 4/5) vaccine also showed, in 80 participants aged 18 and above, consistent trends of higher immune responses against the Omnicron BA. 4/5 variant, and continued response against the original SARS-CoV-2 strain.

> Safety data from the clinical studies showed that the bivalent vaccine was generally well-tolerated and the safety profile was consistent with what is known for the original vaccine, said HSA.

> 

> ‚ÄúThe adverse events were mostly mild-to-moderate, such as injection site pain and/or tenderness, fatigue, headache and muscle pain,"" it added.

> 

> ‚ÄúThese reactions are generally associated with vaccinations and expected as part of the body‚Äôs natural response to build immunity against COVID-19. They usually resolve on their own within a few days.""

> HSA said that based on the available information, it has assessed that the benefits are expected to outweigh the risks.

> It said it will continue to actively monitor the safety of the vaccine and require Pfizer to submit data from the ongoing clinical study, to ensure that the benefits continue to outweigh the risks.

> 

> HSA added that it will take the necessary actions and provide updates to the public if significant safety concerns are identified.

---
1.0.2 | [Source code](https://github.com/fterh/sneakpeek) | [Contribute](https://github.com/fterh/sneakpeek)",4,itpfdbg,t3_yd1hv4,2022-10-25 18:34:30
mktolg,yd1hv4,IIRC the eligibility group (ie who can get booster and who can get 2nd booster) haven‚Äôt been changed in ages. Would this then only go to people turning 60 and the last holdouts when they convert?,0,itq7bt3,t3_yd1hv4,2022-10-25 22:37:35
sneakpeek_bot,xetlo0,"> # New bivalent COVID-19 booster vaccine doses expected to be available in Singapore by end-Sep: Moderna

> SINGAPORE: Moderna‚Äôs new bivalent COVID-19 booster vaccine is expected to be available in Singapore by end of this month.

> ‚ÄúWe hope to have hundreds of thousands of doses available in Singapore before the end of the month,‚Äù the pharmaceutical firm‚Äôs senior vice president of commercial vaccines Patrick Bergstedt told CNA on Wednesday (Sep 14).

> His comments came after the Health Sciences Authority (HSA) announced that it granted interim authorisation for Moderna‚Äôs Spikevax Bivalent Original/Omicron jab, the first bivalent COVID-19 booster vaccine in the country.

> Official vaccination recommendations using this booster will be issued by the Expert Committee on COVID-19 Vaccination and the Ministry of Health (MOH) in due time, HSA said.

> Moderna, which set up a subsidiary in Singapore to support the delivery of mRNA vaccines, is transferring all its manufacturing capacity over to the new updated vaccine, Mr Bergstedt added.

> ‚ÄúOver time, the original vaccine will no longer be available. It will be replaced by this new updated bivalent vaccine,‚Äù he said.

> He gave assurance that Moderna‚Äôs original COVID-19 vaccine continues to offer protection, but noted that the level of protection wanes.

> ‚ÄúBecause it was not specifically designed against the Omicron variant, that level of protection is not going to be as durable, as broad, as what the new updated vaccine provides,‚Äù he said.

> The newly approved booster vaccine contains the original COVID-19 virus and the BA.1 Omicron variant, but Moderna is already in ‚Äúvery advanced‚Äù stages of the next vaccine, he said.

> The upcoming vaccine will contain Omicron variants BA.4 and BA.5 ‚Äì which led to a recent COVID-19 wave in the country ‚Äì and the original virus, he said.

> ‚ÄúThe timing and availability of that vaccine will depend very much on the regulatory authorisation in Singapore,‚Äù he said.

> Singapore will also be bringing in the bivalent vaccine by Pfizer-BioNTech, Health Minister Ong Ye Kung said earlier this week.

> EVOLVING VACCINES

> Infectious diseases specialist at Farrer Park Hospital, Dr Loh Jiashen, said that there is a possibility that COVID-19 vaccines may evolve to target more than one variant.

> ‚ÄúIf variants of great impact emerge, I think vaccine companies may potentially go in that direction and subsequent vaccines may be even more than two-valent,‚Äù he said.

---
1.0.2 | [Source code](https://github.com/fterh/sneakpeek) | [Contribute](https://github.com/fterh/sneakpeek)",6,ioiis5c,t3_xetlo0,2022-09-15 18:48:21
Burnz2p,xetlo0,No thanks.,0,iom2znd,t3_xetlo0,2022-09-16 10:05:00
LoliceptFan,xetlo0,"It's October lol, where is the booster?",1,ir8jpak,t3_xetlo0,2022-10-06 11:11:05
Elephant789,xetlo0,How come? I'm still waiting for my third booster.,5,iom5wcr,t1_iom2znd,2022-09-16 10:26:42
bukitbukit,xetlo0,Many of us are contented enough with the third.,0,iomcdy7,t1_iom5wcr,2022-09-16 11:18:19
