author,submission,body,score,id,parent_id,created,vader_scores,compound,vader_sentiment_type
spaniel_rage,10bwiuy,cdc seems think unlikely safety signal going turn real.the findings prompted officials look similar findings. cdc officials conducted different analysis vaccine safety datalink system using data different methodology able replicate finding. officials also searched systems including medicare department veterans affairs pfizers global surveillance network. regulators countries including israel also consulted evidence similar findings emerged officials said.the statement two agencies said government uses multiple systems detect potential safety problems often safety systems detect signals could due factors vaccine itself.,11,j4cmwjf,t3_10bwiuy,2023-01-15 03:42:02,"{'neg': 0.031, 'neu': 0.84, 'pos': 0.129, 'compound': 0.8176}",0.8176,POSITIVE
pharmaboy2,10bwiuy,im little troubled cdc reported safety signal immediately reported databases taht showed signal . trying minimise quite honestly thats exactly pharma industry would do.in neutral world things dont get media publish signal order get others look signal databases.its amazing many times single database picks pick ups anywhere else months publishing . clinicians need aware seems rather defensive release cdc fully understand still cdc ignore gallery really hate say peanuts reasonable cynical pharma company saying dont think real ..,6,j4f92fq,t1_j4cmwjf,2023-01-15 15:51:30,"{'neg': 0.127, 'neu': 0.754, 'pos': 0.118, 'compound': -0.204}",-0.204,NEGATIVE
mrspc1000,10bwiuy,would trust large pharmaceutical company provide data interest clearly corporations profits capital gain. extreme conflict interest.update im unsure someone would downvote comment considering common sense avoid conflict interest conflict interest leads unreliable data. zero bad intentions friendly comment help us form best piece information make good judgements,11,j4eih22,t1_j4cmwjf,2023-01-15 11:33:05,"{'neg': 0.188, 'neu': 0.379, 'pos': 0.433, 'compound': 0.9657}",0.9657,POSITIVE
sacre_bae,10bwiuy,good,4,j4crho1,t1_j4cmwjf,2023-01-15 04:12:58,"{'neg': 0.0, 'neu': 0.0, 'pos': 1.0, 'compound': 0.4404}",0.4404,POSITIVE
Mymerrybean,10bwiuy,pfizer document cummulative analysis post authorisation adverse events reported people suffered stroke suspected attributed vaccine within days 50 occurred within hours injection. unfortunately monitoring stopped end day period however fact cdc years decided might enough safety signal publicly announce investigation vaccine induced strokes seems unfortunate given safety signal present within first months post authorisation years ago.edit suspected attributed,0,j4g071f,t1_j4cmwjf,2023-01-15 21:31:43,"{'neg': 0.235, 'neu': 0.686, 'pos': 0.078, 'compound': -0.8481}",-0.8481,NEGATIVE
CoronavirusDownunder-ModTeam,10bwiuy,thank contributing rcoronavirusdownunder.unfortunately submission removed result following rule encourage incite drama. may include behaviours making controversial posts instigate upset others. engaging bigotry get reaction. distracting sowing discord digressive extraneous submissions. wishing death upon people covid19. harmful bad faith comparisons example comparing something holocaust assault reproductive autonomy. repeat extreme offending may result ban.our community dedicated collaboration sharing information community. dont detract purpose encouraging drama among community behave way detracts focus collaboration information exchange.if believe made mistake please message moderators find information sub rules please click here.,1,j4i3i9d,t1_j4g1gsv,2023-01-16 05:52:26,"{'neg': 0.247, 'neu': 0.557, 'pos': 0.197, 'compound': -0.7887}",-0.7887,NEGATIVE
CoronavirusDownunder-ModTeam,10bwiuy,thank contributing rcoronavirusdownunder.unfortunately submission removed result following rule information vaccines medications come quality sources recognised news outlets academic publications official sources. rule applies vaccine medication related information regardless flair. extraordinary claims made vaccines substantiated quality source comments deliberately misrepresent sources may removedif believe made mistake please message moderators find information sub rules please click here.,2,j4dirwv,t1_j4dhd5o,2023-01-15 07:16:56,"{'neg': 0.04, 'neu': 0.843, 'pos': 0.117, 'compound': 0.5719}",0.5719,POSITIVE
spaniel_rage,10bwiuy,im sceptical anything pfizer saying matter pretty reassuring signal medicare va database israel eu. get erring side full transparency. dismaying story like gets leaped upon every antivaxxer dog.,7,j4fapq7,t1_j4f92fq,2023-01-15 16:13:00,"{'neg': 0.146, 'neu': 0.596, 'pos': 0.257, 'compound': 0.4767}",0.4767,POSITIVE
spaniel_rage,10bwiuy,none data sources listed paid managed pharmaceutical companies.,17,j4ejlv7,t1_j4eih22,2023-01-15 11:42:00,"{'neg': 0.0, 'neu': 1.0, 'pos': 0.0, 'compound': 0.0}",0.0,NEUTRAL
Individual-Parking-5,10bwiuy,even read combed everything could get hands on.,3,j4eow0n,t1_j4eih22,2023-01-15 12:23:51,"{'neg': 0.0, 'neu': 1.0, 'pos': 0.0, 'compound': 0.0}",0.0,NEUTRAL
chessc,10bwiuy,plain wrong.reported people suffered stroke attributed vaccine within days 50 occurred within hours injectionit deceptive claim strokes attributed vaccine. documents link say this. adverse events means occurred vaccination necessarily caused vaccination. pfizer documents cover period time tens millions vaccine doses administered. unfortunately everyday people strokes. likely among elderly people priority group early phases vaccine rollout make majority reported adverse events. theres safety signal number adverse events higher number expected background events. safety signal data.i believe explained before.,3,j4hog58,t1_j4g071f,2023-01-16 04:18:57,"{'neg': 0.15, 'neu': 0.758, 'pos': 0.091, 'compound': -0.7411}",-0.7411,NEGATIVE
spaniel_rage,10bwiuy,no.youre inaccurately editorialising document reports.the adverse events listed paper attributed vaccine. observed population administred doses within days. causality necessarily implied. population large going observe normal background rate disease incidence.275 strokes individuals outside predicted background rate.,4,j4hqdts,t1_j4g071f,2023-01-16 04:30:45,"{'neg': 0.068, 'neu': 0.932, 'pos': 0.0, 'compound': -0.3612}",-0.3612,NEGATIVE
giantpunda,10bwiuy,61 people suffered stroke us within hours getting first dosethats hell stat throw without source claim.do one,3,j4et91v,t1_j4erd83,2023-01-15 12:58:50,"{'neg': 0.342, 'neu': 0.658, 'pos': 0.0, 'compound': -0.8316}",-0.8316,NEGATIVE
pharmaboy2,10bwiuy,think problem find reassuring generally emotion exactly id expect takeaway fromthe release weeks ago nowim throwing stones criticism exactly intent. exactly id put together head clincal pfizer. gee wasnt long ago regs scrupulously neutral language left others.in likelihood dont expect ss substance given coding events thats someone watched nearest dearest az stroked days later passed days later first person tend link things related .strong data helps tendency,3,j4fcjt3,t1_j4fapq7,2023-01-15 16:37:28,"{'neg': 0.071, 'neu': 0.774, 'pos': 0.155, 'compound': 0.765}",0.765,POSITIVE
mrspc1000,10bwiuy,pfizers global surveillance program independent pfizer reads. independent body gives better insight judgement data liaised corresponded. im suggesting completely incorrect im questioning integrity corporation providing data product sold profit.yes im fully vaccinated happy open information question better outcomes risks vs benefits vaccination covid19.,3,j4epvgz,t1_j4ejlv7,2023-01-15 12:31:21,"{'neg': 0.069, 'neu': 0.658, 'pos': 0.274, 'compound': 0.9045}",0.9045,POSITIVE
mrspc1000,10bwiuy,course doesnt prevent question conflict interest disrupting data,2,j4eqvnn,t1_j4eow0n,2023-01-15 12:38:39,"{'neg': 0.097, 'neu': 0.453, 'pos': 0.45, 'compound': 0.5978}",0.5978,POSITIVE
pharmaboy2,10bwiuy,ask whyand combing normal releasing safety signal,-1,j4f98kw,t1_j4eow0n,2023-01-15 15:53:43,"{'neg': 0.0, 'neu': 0.682, 'pos': 0.318, 'compound': 0.4215}",0.4215,POSITIVE
Mymerrybean,10bwiuy,wording says attributed suspected attributed edit also noted magnatude underreporting unknown. would watch space.,0,j4i4okc,t1_j4hqdts,2023-01-16 05:59:39,"{'neg': 0.128, 'neu': 0.872, 'pos': 0.0, 'compound': -0.2263}",-0.2263,NEGATIVE
Mymerrybean,10bwiuy,removed got figures wrong come back actual figures.,-1,j4f17as,t1_j4et91v,2023-01-15 14:17:34,"{'neg': 0.307, 'neu': 0.693, 'pos': 0.0, 'compound': -0.4767}",-0.4767,NEGATIVE
spaniel_rage,10bwiuy,vaers medicare va database mentioned well tga equivalent bodies uk eu israel entirely independent pfizer.yes rely phase 3 data kind phase data.,14,j4ercc2,t1_j4epvgz,2023-01-15 12:42:24,"{'neg': 0.0, 'neu': 0.784, 'pos': 0.216, 'compound': 0.6705}",0.6705,POSITIVE
Rupees_Gains,10bwiuy,course would watch space. doesnt eventuate shift goal posts. claim data flawed. switch new claim.,2,j4iowqe,t1_j4i4okc,2023-01-16 08:14:04,"{'neg': 0.181, 'neu': 0.819, 'pos': 0.0, 'compound': -0.4767}",-0.4767,NEGATIVE
sacre_bae,10bwiuy,already ran numbers one.theres strokes per day us given day period. occur people around .about people aged nd that.28123 .so would expect background rate strokes vaccinated group time period.the cdc observed strokes time period.,5,j4f2cfk,t1_j4f17as,2023-01-15 14:30:09,"{'neg': 0.0, 'neu': 1.0, 'pos': 0.0, 'compound': 0.0}",0.0,NEUTRAL
Rupees_Gains,10bwiuy,uhhhh no. source wasnt removed. false unsupported claim removed.,2,j4fgr6f,t1_j4f17as,2023-01-15 17:33:40,"{'neg': 0.0, 'neu': 0.78, 'pos': 0.22, 'compound': 0.3089}",0.3089,POSITIVE
mrspc1000,10bwiuy,thank great response. independent bodies much better sources data products surveillance network.,1,j4eritg,t1_j4ercc2,2023-01-15 12:43:52,"{'neg': 0.0, 'neu': 0.486, 'pos': 0.514, 'compound': 0.8591}",0.8591,POSITIVE
Mymerrybean,10bwiuy,see response source. meant removed comment needed clarify wasnt removed moderators.,0,j4g0cq6,t1_j4fgr6f,2023-01-15 21:33:15,"{'neg': 0.0, 'neu': 1.0, 'pos': 0.0, 'compound': 0.0}",0.0,NEUTRAL
pharmaboy2,10bwiuy,may pharma companies run pretty good surveillance far broader official reporting systems. personally reject notion pharma companies bury signal tainted due source. pharma would never report like though dont tell people investigated nothing would bet pounds peanuts ema doesnt respond way fact pfizer tread far carefully,2,j4f9or1,t1_j4eritg,2023-01-15 15:59:36,"{'neg': 0.09, 'neu': 0.768, 'pos': 0.142, 'compound': 0.4195}",0.4195,POSITIVE
AutoModerator,10bty8k,post appears vaccines. encourage read helpful resources covid19 vaccines vaccine faq part ivaccine faq part iivaccine appointment finderi bot action performed automatically. please contact moderators subredditmessagecomposetorcoronavirus questions concerns.,1,j4c1z8s,t3_10bty8k,2023-01-15 01:24:58,"{'neg': 0.0, 'neu': 0.749, 'pos': 0.251, 'compound': 0.8126}",0.8126,POSITIVE
mces97,10bty8k,saw cdc looking report year strokes shortly taking updated vaccine. dont know theres connection. course welcome investigation. said 550000 like .0002 .002 people. covid death rate .1 dying people thats still people times risk dying stroke. people chance dying car accident life. anyone worried stroke covid vaccine still gets car isnt really concerned health risks.,8,j4d0jqt,t3_10bty8k,2023-01-15 05:14:19,"{'neg': 0.2, 'neu': 0.69, 'pos': 0.11, 'compound': -0.7322}",-0.7322,NEGATIVE
Altofaltception,10bty8k,antivaxxers well about...,-2,j4c6fxz,t3_10bty8k,2023-01-15 01:53:55,"{'neg': 0.0, 'neu': 0.488, 'pos': 0.512, 'compound': 0.2732}",0.2732,POSITIVE
OLOstart,10bty8k,someone put news pill antivaxxers swallow it.im sick social media getting spammed news teenage atheletes getting heart attacks even dying anything new wasnt completely common even pandemic.someone need show people real science looks like comes risks. thank singapore.let reason everyone keep getting booster shots. remember incredible variant spreading previous booster couple months ago need update protection isnt there. get shots now.,-5,j4dak8g,t3_10bty8k,2023-01-15 06:22:01,"{'neg': 0.114, 'neu': 0.759, 'pos': 0.127, 'compound': 0.2263}",0.2263,POSITIVE
justgetoffmylawn,10bty8k,havent seen reports math complex that. math would correct vaccines protective . course death rate covid . would need examine potential risk serious side effect vs overall improvement allcause mortality provided vaccine something unfortunately rarely measure allcause important less subject arbitrary guidelines specific acute covid outcomes.i think conclusion still correct bivalent likely provides significantly protection risk would nice data collected. singapore tends one better places data collection alerted people significantly elevated risk death acute phase covid wish countries better data collection glances meaningfully us cdc.,16,j4d527e,t1_j4d0jqt,2023-01-15 05:45:01,"{'neg': 0.183, 'neu': 0.681, 'pos': 0.135, 'compound': -0.4753}",-0.4753,NEGATIVE
jdorje,10bty8k,potential risk serious side effect included allcause mortality. correctish way measure allcause death hospitalization rate. issue variance high need really massive sample size. middle half research done showed around half allcause mortality vaccinated. wasnt repeated seen.even still confounding factors break analysis. easy tie glasseswearing positive health outcomes instance causality believed go direction people better education healthcare likely wear glasses.people got bivalent 0.06 less likely absolute hospitalized per month due covid vaccinated booster 0.1 monthly hospitalization risk nonbivalent versus bivalent versus unvaccinated. ops numbers one month verify correct vaccine slightly better onemonth timeframe vaccination. maybe could say ischemic stroke worse hospitalization comes even behind. course know cellular immunity generated generally lasts decades vaccine side effects shortterm real world data huge confounding factors regardless.the found statistically significant reanalysis set data showed . however cannot ignored needs still watched.,7,j4d8v23,t1_j4d527e,2023-01-15 06:10:36,"{'neg': 0.081, 'neu': 0.802, 'pos': 0.117, 'compound': 0.6777}",0.6777,POSITIVE
mces97,10bty8k,oh course risk death higher .1. used number showing even survive risk death small .1 still less possible risk stroke. medicine game always balance risk vs reward.,-3,j4d7bse,t1_j4d527e,2023-01-15 06:00:08,"{'neg': 0.399, 'neu': 0.476, 'pos': 0.125, 'compound': -0.8727}",-0.8727,NEGATIVE
justgetoffmylawn,10bty8k,yep disagreeing wanted point matter small percentage pick balanced bivalent efficacy.i mentioned see people sometimes mention risk x outcome versus protection.so something like myocarditis gets lots press risk getting infection far higher getting vaccine. thats relevant question question degree vaccine protect still getting subsequent infection. math risk vs reward need info.,7,j4d80pn,t1_j4d7bse,2023-01-15 06:04:53,"{'neg': 0.139, 'neu': 0.669, 'pos': 0.193, 'compound': 0.5267}",0.5267,POSITIVE
fish312,y1162c,way late useful. approved vaccine moderna targets b.a.1 variant extinct wild. took long approve procure moderna also new version b.a.5 mrna1273.222 approved.but spike protein current strains quite different ba.1 antibodies produced difficulty binding circulating strains... immune escape vaccine bad. meanwhile current circulating strain already ba.2.10. basically offering upgrade windows windows xp norton antivirus . worthless.,36,irv8zz7,t3_y1162c,2022-10-11 16:44:16,"{'neg': 0.204, 'neu': 0.623, 'pos': 0.173, 'compound': -0.296}",-0.296,NEGATIVE
roninfyc,y1162c,oh no.....not endless jab,10,irvjj17,t3_y1162c,2022-10-11 19:12:04,"{'neg': 0.0, 'neu': 1.0, 'pos': 0.0, 'compound': 0.0}",0.0,NEUTRAL
Fantastic-Ad88,y1162c,omicron variant target,4,irv3pqk,t3_y1162c,2022-10-11 15:23:12,"{'neg': 0.0, 'neu': 1.0, 'pos': 0.0, 'compound': 0.0}",0.0,NEUTRAL
fortprinciple,y1162c,got mine recently along flu shot. stay safe healthy folks. vaccines work,6,irv0g2t,t3_y1162c,2022-10-11 14:37:37,"{'neg': 0.151, 'neu': 0.523, 'pos': 0.326, 'compound': 0.4588}",0.4588,POSITIVE
sneakpeek_bot,y1162c,bivalent moderna covid19 vaccine available singapore oct three days ahead schedule singapore ministry health moh bring forward administration modernaspikevax bivalent vaccine oct three days ahead previously announced date ministry said tuesday oct . early rollout made possible ministrys operations teams completing preparations ahead deadline. addition benefits administering early infections rising due xbb omicron subvariant said moh. bivalent modernaspikevax vaccine based original vaccine dosage boosting added moh. instead targeting original covid19 virus updated version also targets omicron variant. therefore provide better protection newer covid19 variants. proven safe effective. ministry added approach process updating vaccine new strains disease established practice. added based post market surveillance date million updated bivalent mrna vaccine doses administered us without safety concerns reported.1.0.2 source code contribute,0,iruxlhs,t3_y1162c,2022-10-11 13:59:45,"{'neg': 0.034, 'neu': 0.827, 'pos': 0.139, 'compound': 0.918}",0.918,POSITIVE
iluvthisgame,y1162c,received sms today register vaccination moderna bivalent vaccine thanks,1,ivfh64i,t3_y1162c,2022-11-08 00:20:08,"{'neg': 0.0, 'neu': 0.734, 'pos': 0.266, 'compound': 0.4404}",0.4404,POSITIVE
MagosBiologis,y1162c,wrong. less effective worthless. dont talk cock things dont understand.edit someone gave details.,11,iryqc9l,t1_irv8zz7,2022-10-12 08:58:15,"{'neg': 0.302, 'neu': 0.474, 'pos': 0.224, 'compound': -0.355}",-0.355,NEGATIVE
sailupwind49,y1162c,ba.5 one approved us original bivalent ba.1 never came market new omicron variants emerged. certain getting obsolete one source,15,irvuage,t1_irv8zz7,2022-10-11 20:57:46,"{'neg': 0.09, 'neu': 0.615, 'pos': 0.295, 'compound': 0.6124}",0.6124,POSITIVE
shopchin,y1162c,novavax alternative since generally ineffective anyway understand it.,1,iscw995,t1_irv8zz7,2022-10-15 08:13:30,"{'neg': 0.176, 'neu': 0.824, 'pos': 0.0, 'compound': -0.128}",-0.128,NEGATIVE
fish312,y1162c,targets b.a.1. already mostly extinct wild. aka worthless. took long approve procure moderna also new version b.a.5 approved.,9,irv8idx,t1_irv3pqk,2022-10-11 16:36:43,"{'neg': 0.134, 'neu': 0.737, 'pos': 0.129, 'compound': -0.0258}",-0.0258,NEGATIVE
Logi_Ca1,y1162c,get criteria receive seems quite tight like,1,irv4ac6,t1_irv0g2t,2022-10-11 15:31:41,"{'neg': 0.0, 'neu': 0.683, 'pos': 0.317, 'compound': 0.4173}",0.4173,POSITIVE
fish312,y1162c,yes announced cna. receiving mrna1273.214the mrna booster targets mainly original strain ba.1 variant. authorised singapore uk switzerland european union south korea japan taiwan australia.the booster targets later ba.4 ba.5 variants authorised united states.,1,irw3x4r,t1_irvuage,2022-10-11 22:12:38,"{'neg': 0.032, 'neu': 0.763, 'pos': 0.205, 'compound': 0.765}",0.765,POSITIVE
92ekp,y1162c,mrna1273.214 bivalent combining original ba.1.it gets better results current variants including ba.5 original moderna vaccine. worthless allege.the originalba.5 bivalent mrna1273222 approved number countries widely available yet. us cdc asked specifically. isnt clinical trial data bivalent.,13,irzosqa,t1_irv8idx,2022-10-12 14:21:47,"{'neg': 0.067, 'neu': 0.667, 'pos': 0.267, 'compound': 0.7717}",0.7717,POSITIVE
fortprinciple,y1162c,dont live singapore. bivalent covid vaccine available weeks live.,4,irv4c7x,t1_irv4ac6,2022-10-11 15:32:28,"{'neg': 0.0, 'neu': 1.0, 'pos': 0.0, 'compound': 0.0}",0.0,NEUTRAL
Rouk3zila,y1162c,suppose mtf already expect much people going get anyways .. cause many people already infected typically wave peak within month .. .222 available get batch variant comes ..,3,irw4qrp,t1_irw3x4r,2022-10-11 22:18:33,"{'neg': 0.106, 'neu': 0.894, 'pos': 0.0, 'compound': -0.4939}",-0.4939,NEGATIVE
Logi_Ca1,y1162c,ah see thanks,0,irv53y8,t1_irv4c7x,2022-10-11 15:44:07,"{'neg': 0.0, 'neu': 0.408, 'pos': 0.592, 'compound': 0.4404}",0.4404,POSITIVE
GeshtiannaSG,y1162c,even original vaccines good enough variants protection lasts decades. really weak immune systems boosters future.,4,is4zt5h,t1_irw8bk4,2022-10-13 18:38:15,"{'neg': 0.146, 'neu': 0.503, 'pos': 0.351, 'compound': 0.5401}",0.5401,POSITIVE
fish312,y1162c,maybe missed original point made. spike protein current strains quite different ba.1 antibodies produced difficulty binding circulating strains... immune escape vaccine bad.is going something maybe. probably bit. umbrella might help shelter afternoon rain going jack shit hurricane flood. obviously dr. burton advocating adoption vaccine preferable vaccine protection beats protection accept assurances wholesale without caveat best dubious worse intellectually dishonest.,-11,irw9hh1,t1_irw8bk4,2022-10-11 22:51:42,"{'neg': 0.27, 'neu': 0.511, 'pos': 0.219, 'compound': -0.7475}",-0.7475,NEGATIVE
fish312,y1162c,yeah doesnt demonstrate said obviously better unvaccinated better original vaccine targeted wild wuhan ancestral strain. still inferior . note testing ba.5 infection assume efficacy b.a.2.10 even worse. suppose youve never contracted omicron might find useful. otherwise maybe wait next years iphone instead buying old model.,-11,irwk1vv,t1_irwchhc,2022-10-12 00:02:55,"{'neg': 0.122, 'neu': 0.647, 'pos': 0.231, 'compound': 0.7351}",0.7351,POSITIVE
zeindigofire,y8qdwm,wait bivalent vaccines currently available going get booster soon get bivalent vaccine guess wait,4,it1n2wa,t3_y8qdwm,2022-10-20 16:11:19,"{'neg': 0.0, 'neu': 1.0, 'pos': 0.0, 'compound': 0.0}",0.0,NEUTRAL
bukitbukit,y8qdwm,whatever lah.,2,it36mrn,t3_y8qdwm,2022-10-21 00:30:02,"{'neg': 0.0, 'neu': 1.0, 'pos': 0.0, 'compound': 0.0}",0.0,NEUTRAL
heeroena,y8qdwm,,1,it1qx7t,t3_y8qdwm,2022-10-20 17:09:12,"{'neg': 0.0, 'neu': 0.0, 'pos': 0.0, 'compound': 0.0}",0.0,NEUTRAL
GroundbreakingGur930,y8qdwm,singapore singapore plans invite people aged take covid19 bivalent vaccines later year supplies secured minister health ong ye kung said thursday oct .mr ong added authorities hope secure supplies matter weeks.he responding questions mps joan pereira paptanjong pagar jamus lim wpsengkang onthe timeline vaccines compared moderna pfizer boosters terms efficacy someone recovered covid19 take vaccine.the government announced earlier yet achieve minimum protection aged last received vaccine dose five months ago walk nine joint testing vaccination centres receive bivalent vaccine dose oct .bivalent vaccinesprovide better protection newer covid19 variants compared original vaccines said mr ong.they work simulating immune response two different antigens. examplemodernas bivalent vaccine updated protect omicron ba.1 variant addition original strain.the initial covid19 vaccines used singapore monovalent means contain encode spike protein original sarscov2 virus.the government rolled bivalent modernaspikevax vaccine oct bivalent pfizerbiontechcomirnaty expected available end year.while singapore prioritising people aged additional booster dose planning invite aged later year.if eligible person infected wait three months take bivalent vaccine mr ong said.mp leon perera wpaljunied also asked health ministry would consider reopening vaccination centres community clubs centres areas elderly residents.mr ong said vaccination centres jointtesting vaccination centres chosen based proximity high population density areas good accessibility availability venue tosupport vaccination operations sustained period time.currently joint testing vaccination centres vaccination centres network participating public health preparedness clinics polyclinics provide sufficient convenience access vaccinations said mr ong.a booster every yearin supplementary question ms pereira said many elderly residents taken second boosters sure take bivalent vaccines so.noting common question mr ong said answer yes five months second booster recommended take bivalent vaccine.as explained earlier moved new system stop counting number booster shots taking.we living covid19 virus ... recommending people two concepts one please attain minimum protection three doses mrna.beyond take additional latest vaccine five months last shot ... longer months added. said essentially worked taking booster every year.mp yip hon weng papyio chu kang asked people multiple infections still take boosters.mr ong said reply best ignore infections.because hybrid immunity vaccinations well infection many individuals hardly response symptoms infected think best count infection. take boosters take jabs diligently said.,0,it1ffih,t3_y8qdwm,2022-10-20 14:21:53,"{'neg': 0.028, 'neu': 0.839, 'pos': 0.133, 'compound': 0.986}",0.986,POSITIVE
art_dragon,y8qdwm,im hoping available overseas trip endnov gotten covid last jab jan im ...,0,it2c0tk,t3_y8qdwm,2022-10-20 21:01:18,"{'neg': 0.0, 'neu': 0.811, 'pos': 0.189, 'compound': 0.4215}",0.4215,POSITIVE
jackology,y8qdwm,wait trivalent vaccine failing quadvalent vaccine.,3,it1tgfm,t1_it1n2wa,2022-10-20 17:46:20,"{'neg': 0.398, 'neu': 0.602, 'pos': 0.0, 'compound': -0.5106}",-0.5106,NEGATIVE
DuePomegranate,y8qdwm,youre 49 cant get second booster period unless immunocompromised. didnt take first booster yet probably considered yet achieve minimum protection eligible bivalent booster.,3,it1p64o,t1_it1n2wa,2022-10-20 16:42:54,"{'neg': 0.0, 'neu': 1.0, 'pos': 0.0, 'compound': 0.0}",0.0,NEUTRAL
DuePomegranate,y8qdwm,really need help understanding simple logical fallacy link trolling,0,it1ubj1,t1_it1qx7t,2022-10-20 17:58:37,"{'neg': 0.0, 'neu': 0.729, 'pos': 0.271, 'compound': 0.4549}",0.4549,POSITIVE
LuckyNumber-Bot,y8qdwm,numbers comment added . congrats click scan future comments. summon specific comments uluckynumberbot.,5,it1fg1n,t1_it1ffih,2022-10-20 14:22:05,"{'neg': 0.0, 'neu': 0.779, 'pos': 0.221, 'compound': 0.5267}",0.5267,POSITIVE
DuePomegranate,y8qdwm,get bivalent ba.45 using us oneversionbehind ba.1 bivalent feels like value product man.,0,it1tub5,t1_it1tgfm,2022-10-20 17:51:49,"{'neg': 0.0, 'neu': 0.692, 'pos': 0.308, 'compound': 0.5994}",0.5994,POSITIVE
zeindigofire,y8qdwm,laugh isnt exactly whats happened flu seems much like history repeating itself...speaking probably get flu shot,0,it1tzht,t1_it1tgfm,2022-10-20 17:53:53,"{'neg': 0.223, 'neu': 0.515, 'pos': 0.262, 'compound': 0.2263}",0.2263,POSITIVE
zeindigofire,y8qdwm,ok good know thanks thought theyd recently opened things guess not. kinda worried current wave... would nice get booster since months guess theyll open soon,0,it1t9ts,t1_it1p64o,2022-10-20 17:43:44,"{'neg': 0.0, 'neu': 0.616, 'pos': 0.384, 'compound': 0.8878}",0.8878,POSITIVE
heeroena,y8qdwm,see filthy shills still advocating snake oil,3,it2j817,t1_it1ubj1,2022-10-20 21:54:51,"{'neg': 0.0, 'neu': 1.0, 'pos': 0.0, 'compound': 0.0}",0.0,NEUTRAL
nice___bot,y8qdwm,nice,1,it1fgkx,t1_it1fg1n,2022-10-20 14:22:17,"{'neg': 0.0, 'neu': 0.0, 'pos': 1.0, 'compound': 0.4215}",0.4215,POSITIVE
GroundbreakingGur930,y8qdwm,rofl. thanks,1,it1g27i,t1_it1fg1n,2022-10-20 14:30:07,"{'neg': 0.0, 'neu': 0.0, 'pos': 1.0, 'compound': 0.765}",0.765,POSITIVE
YL0000,y8qdwm,hope would buy ba.45 version though saw paper antibody response ba.1 also quite good omicron. concentration neutralizing antibodies could one order magnitude less ba.45 bivalent version still quite good.,0,it1v561,t1_it1tub5,2022-10-20 18:09:57,"{'neg': 0.0, 'neu': 0.737, 'pos': 0.263, 'compound': 0.8514}",0.8514,POSITIVE
DuePomegranate,y8qdwm,theres shortage supplies giving first. right title. theres decent chance time booster opened current xbb would already way out. tuesdays case number last tuesdays meaning could already peaking.,2,it1to6h,t1_it1t9ts,2022-10-20 17:49:26,"{'neg': 0.063, 'neu': 0.757, 'pos': 0.18, 'compound': 0.4019}",0.4019,POSITIVE
DuePomegranate,y8qdwm,novavax broad spectrum design. used original strain spike protein mrna vaccines. maybe novavax happens induce s2 antibodies unknown reason wasnt designed to.in study novavax worse ba.1 ba.2 mrna vaccines. fans really hyping up. seem activity vs ba.5 mrna vaccines. without sidebyside comparison dont believe hype.,1,it232a5,t1_it1y87b,2022-10-20 19:42:28,"{'neg': 0.088, 'neu': 0.864, 'pos': 0.047, 'compound': -0.25}",-0.25,NEGATIVE
DuePomegranate,y8qdwm,data theres human data released ba.45 bivalent yet ba.1 bivalent thats hsa approve ba.1. maybe youre talking mouse data thats probably first shot onwards rather shots original vaccine followed shot bivalent youre talking one order magnitude.,1,it1vppb,t1_it1v561,2022-10-20 18:17:35,"{'neg': 0.0, 'neu': 0.938, 'pos': 0.062, 'compound': 0.3182}",0.3182,POSITIVE
YL0000,y8qdwm,still good travelling...,0,it1vahr,t1_it1to6h,2022-10-20 18:11:57,"{'neg': 0.0, 'neu': 0.408, 'pos': 0.592, 'compound': 0.4404}",0.4404,POSITIVE
YL0000,y8qdwm,yes mouse data. cell paper.,0,it1ywz4,t1_it1vppb,2022-10-20 18:57:41,"{'neg': 0.0, 'neu': 0.597, 'pos': 0.403, 'compound': 0.4019}",0.4019,POSITIVE
sneakpeek_bot,yd1hv4,singapore grants interim authorisation pfizer bivalent covid19 booster vaccine singapore health sciences authority hsa tuesday oct granted interim authorisation pfizers comirnaty bivalent covid19 booster vaccine singapore. makes second jab approved use modernaspikevax vaccine obtained interim authorisation september rolled earlier october. comirnaty bivalent originalomicron ba.45 covid19 jab pfizer updated version original comirnaty vaccine. comprises two components micrograms targeting original sarscov2 strain micrograms targeting omnicron ba.4 ba.5 variants said hsa news release. comirnaty bivalent vaccine authorised use booster shot individuals aged received primary series covid19 vaccination. health minister ong ye kung said bivalent vaccines provide better protection newer covid19 variants compared original vaccines. last week announced singapore plans invite people aged take covid19 bivalent vaccines later year supplies secured. earlier october government said expects pfizers comirnaty bivalent vaccine available singapore end year. also announced children aged five able receive comirnaty vaccine booster dose. benefits expected outweigh risks hsa official vaccination recommendations use booster issued expert committee covid19 vaccination ministry health moh due time added hsa. making regulatory decision hsa said consulted experts medicines advisory committee panel infectious diseases experts. authorisation based evidence including pfizers nonclinical studies clinical trials different variantupdated vaccines manufacturing quality processes. clinical study pfizer comirnaty bivalent originalomicron ba.45 vaccine still way assessment efficacy based primarily earlier clinical study conducted individuals aged comirnaty bivalent originalomicron ba.1 vaccine instead. hsa considers data relevant taking account omicron subvariants closely related said authority. study showed bivalent vaccine elicited stronger immune response targeted omicron ba.1 variant preserving adequate response original sarscov2 strain said hsa. ongoing clinical study bivalent originalomicron ba. 5 vaccine also showed participants aged consistent trends higher immune responses omnicron ba. 5 variant continued response original sarscov2 strain. safety data clinical studies showed bivalent vaccine generally welltolerated safety profile consistent known original vaccine said hsa. adverse events mostly mildtomoderate injection site pain andor tenderness fatigue headache muscle pain added. reactions generally associated vaccinations expected part bodys natural response build immunity covid19. usually resolve within days. hsa said based available information assessed benefits expected outweigh risks. said continue actively monitor safety vaccine require pfizer submit data ongoing clinical study ensure benefits continue outweigh risks. hsa added take necessary actions provide updates public significant safety concerns identified.1.0.2 source code contribute,4,itpfdbg,t3_yd1hv4,2022-10-25 18:34:30,"{'neg': 0.05, 'neu': 0.776, 'pos': 0.174, 'compound': 0.9922}",0.9922,POSITIVE
mktolg,yd1hv4,iirc eligibility group ie get booster get nd booster havent changed ages. would go people turning last holdouts convert,0,itq7bt3,t3_yd1hv4,2022-10-25 22:37:35,"{'neg': 0.0, 'neu': 1.0, 'pos': 0.0, 'compound': 0.0}",0.0,NEUTRAL
sneakpeek_bot,xetlo0,new bivalent covid19 booster vaccine doses expected available singapore endsep moderna singapore modernas new bivalent covid19 booster vaccine expected available singapore end month. hope hundreds thousands doses available singapore end month pharmaceutical firms senior vice president commercial vaccines patrick bergstedt told cna wednesday sep . comments came health sciences authority hsa announced granted interim authorisation modernas spikevax bivalent originalomicron jab first bivalent covid19 booster vaccine country. official vaccination recommendations using booster issued expert committee covid19 vaccination ministry health moh due time hsa said. moderna set subsidiary singapore support delivery mrna vaccines transferring manufacturing capacity new updated vaccine mr bergstedt added. time original vaccine longer available. replaced new updated bivalent vaccine said. gave assurance modernas original covid19 vaccine continues offer protection noted level protection wanes. specifically designed omicron variant level protection going durable broad new updated vaccine provides said. newly approved booster vaccine contains original covid19 virus ba.1 omicron variant moderna already advanced stages next vaccine said. upcoming vaccine contain omicron variants ba.4 ba.5 led recent covid19 wave country original virus said. timing availability vaccine depend much regulatory authorisation singapore said. singapore also bringing bivalent vaccine pfizerbiontech health minister ong ye kung said earlier week. evolving vaccines infectious diseases specialist farrer park hospital dr loh jiashen said possibility covid19 vaccines may evolve target one variant. variants great impact emerge think vaccine companies may potentially go direction subsequent vaccines may even twovalent said.1.0.2 source code contribute,6,ioiis5c,t3_xetlo0,2022-09-15 18:48:21,"{'neg': 0.0, 'neu': 0.883, 'pos': 0.117, 'compound': 0.9761}",0.9761,POSITIVE
Burnz2p,xetlo0,thanks.,0,iom2znd,t3_xetlo0,2022-09-16 10:05:00,"{'neg': 0.0, 'neu': 0.0, 'pos': 1.0, 'compound': 0.4404}",0.4404,POSITIVE
LoliceptFan,xetlo0,october lol booster,1,ir8jpak,t3_xetlo0,2022-10-06 11:11:05,"{'neg': 0.0, 'neu': 0.417, 'pos': 0.583, 'compound': 0.4215}",0.4215,POSITIVE
Elephant789,xetlo0,come im still waiting third booster.,5,iom5wcr,t1_iom2znd,2022-09-16 10:26:42,"{'neg': 0.0, 'neu': 1.0, 'pos': 0.0, 'compound': 0.0}",0.0,NEUTRAL
bukitbukit,xetlo0,many us contented enough third.,0,iomcdy7,t1_iom5wcr,2022-09-16 11:18:19,"{'neg': 0.0, 'neu': 0.625, 'pos': 0.375, 'compound': 0.34}",0.34,POSITIVE
